건축년도,년,법정동,보증금액,아파트,월,월세금액,일,전용면적,지번,지역코드,층
1992,2020,분당동,"65,000",샛별마을(동성),10,0,6,84.82,35,41135,11
1994,2020,분당동,"22,000",샛별마을(우방),10,55,7,72.32,38,41135,6
1992,2020,분당동,"47,150",샛별마을(동성),10,0,9,84.82,35,41135,4
1992,2020,분당동,"43,000",샛별마을(동성),10,0,11,59.4,35,41135,5
1992,2020,분당동,"31,100",샛별마을(동성),10,0,11,59.4,35,41135,9
1993,2020,분당동,"15,000",장안타운(건영),10,90,13,70.68,66,41135,1
1994,2020,분당동,"70,000",장안타운(건영),10,0,13,85,66,41135,3
1992,2020,분당동,"31,500",샛별마을(라이프),10,0,14,58.17,34,41135,15
1993,2020,분당동,"35,000",장안타운(건영),10,0,14,70.68,66,41135,2
1992,2020,분당동,"45,990",샛별마을(라이프),10,0,16,85,34,41135,2
1993,2020,분당동,"58,000",샛별마을(라이프),10,0,17,84.99,34,41135,12
1993,2020,분당동,"52,500",샛별마을(라이프),10,0,17,85,34,41135,4
1994,2020,분당동,"50,000",장안타운(건영),10,0,20,131.76,66,41135,19
1993,2020,분당동,"70,000",샛별마을(라이프),10,0,20,84.99,34,41135,18
1994,2020,분당동,"85,000",샛별마을(우방),10,0,21,101.96,38,41135,11
1992,2020,분당동,"85,000",샛별마을(동성),10,0,22,84.82,35,41135,14
1992,2020,분당동,"43,000",샛별마을(동성),10,0,22,69.39,35,41135,11
1992,2020,분당동,"40,000",샛별마을(삼부),10,26,28,84.6,39,41135,3
1992,2020,분당동,"45,350",샛별마을(동성),10,0,30,84.82,35,41135,6
1992,2020,분당동,"47,200",샛별마을(삼부),10,0,31,84.6,39,41135,2
1992,2020,수내동,"73,500",양지마을(2단지)(청구),10,0,2,173.965,36,41135,1
1992,2020,수내동,"120,000",푸른마을(쌍용),10,0,6,176.77,75,41135,15
1993,2020,수내동,"21,500",양지마을(5단지)(한양501-514),10,0,6,35.1,24,41135,13
1992,2020,수내동,"5,000",양지마을(5단지)(한양501-514),10,100,7,48.51,24,41135,5
1992,2020,수내동,"25,000",양지마을(5단지)(한양515-529),10,80,7,134.55,24,41135,9
1993,2020,수내동,"45,000",양지마을(5단지)(한양515-529),10,0,7,59.76,24,41135,23
1993,2020,수내동,"24,500",양지마을(5단지)(한양501-514),10,0,8,42.56,24,41135,3
1992,2020,수내동,"31,000",양지마을(5단지)(한양501-514),10,0,8,48.51,24,41135,4
1992,2020,수내동,"45,000",푸른마을(신성),10,0,8,59.78,73,41135,4
1993,2020,수내동,"39,000",파크타운(서안),10,0,8,59.32,52,41135,22
1992,2020,수내동,"58,380",푸른마을(쌍용),10,0,8,84.72,75,41135,2
1993,2020,수내동,"90,000",파크타운(삼익),10,0,8,184.78,54,41135,28
1993,2020,수내동,"20,400",양지마을(5단지)(한양501-514),10,0,8,35.1,24,41135,8
1993,2020,수내동,"60,000",파크타운(대림),10,100,10,131.49,51,41135,1
1992,2020,수내동,"10,000",푸른마을(벽산),10,125,10,59.78,71,41135,1
1993,2020,수내동,"60,000",파크타운(서안),10,5,11,101.91,52,41135,1
1993,2020,수내동,"80,000",푸른마을(신성),10,0,12,84.72,73,41135,7
1993,2020,수내동,"95,000",푸른마을(신성),10,0,12,131.4,73,41135,20
1992,2020,수내동,"79,000",양지마을(5단지)(한양515-529),10,0,12,101.93,24,41135,7
1993,2020,수내동,"70,000",파크타운(서안),10,150,12,131.49,52,41135,15
1992,2020,수내동,"44,100","양지마을(6단지)(금호,청구)",10,0,14,65.093,32,41135,18
1992,2020,수내동,"10,000",양지마을(3단지)(금호),10,178,14,101.91,27,41135,5
1993,2020,수내동,"60,000",파크타운(롯데),10,160,15,134.91,55,41135,27
1993,2020,수내동,"67,200",파크타운(삼익),10,0,15,101.835,54,41135,12
1992,2020,수내동,"30,000",푸른마을(신성),10,60,16,59.78,73,41135,1
1992,2020,수내동,"30,000",푸른마을(신성),10,60,16,59.78,73,41135,1
1993,2020,수내동,"62,500",파크타운(서안),10,0,16,84.6,52,41135,6
1993,2020,수내동,"90,000",파크타운(서안),10,0,16,84.78,52,41135,14
1992,2020,수내동,"131,000",양지마을(5단지)(한양515-529),10,0,16,164.4,24,41135,4
1993,2020,수내동,"23,000",양지마을(5단지)(한양501-514),10,0,16,35.1,24,41135,8
1992,2020,수내동,"60,000",양지마을(5단지)(한양515-529),10,150,17,134.55,24,41135,9
1993,2020,수내동,"22,000",양지마을(5단지)(한양501-514),10,0,17,35.1,24,41135,2
1993,2020,수내동,"94,000",파크타운(삼익),10,0,17,186.099,54,41135,5
1992,2020,수내동,"42,000",양지마을(2단지)(청구),10,25,17,84.6,36,41135,3
1993,2020,수내동,"24,000",양지마을(5단지)(한양501-514),10,0,19,35.1,24,41135,10
1993,2020,수내동,"110,000",파크타운(대림),10,0,20,189.853,51,41135,17
1992,2020,수내동,"52,500",양지마을(금호1),10,0,20,133.82,34,41135,8
1993,2020,수내동,"36,000",파크타운(대림),10,0,20,59.32,51,41135,16
1993,2020,수내동,"10,000",푸른마을(쌍용),10,150,20,84.72,75,41135,4
1993,2020,수내동,"66,150",파크타운(서안),10,0,21,101.91,52,41135,3
1993,2020,수내동,"92,000",파크타운(서안),10,0,21,189.853,52,41135,17
1992,2020,수내동,"65,000",푸른마을(쌍용),10,0,21,131.4,75,41135,3
1992,2020,수내동,"50,000",양지마을(5단지)(한양515-529),10,51,21,84.9,24,41135,6
1993,2020,수내동,"61,000",푸른마을(쌍용),10,0,22,84.72,75,41135,9
1992,2020,수내동,"90,000",양지마을(5단지)(한양515-529),10,0,22,101.93,24,41135,3
1992,2020,수내동,"2,000",양지마을(5단지)(한양501-514),10,100,22,48.51,24,41135,1
1993,2020,수내동,"28,000",파크타운(삼익),10,108,23,101.835,54,41135,4
1992,2020,수내동,"37,000",푸른마을(벽산),10,70,23,101.82,71,41135,1
1992,2020,수내동,"68,250",양지마을(3단지)(금호),10,0,25,134.48,27,41135,18
1993,2020,수내동,"67,200",파크타운(삼익),10,0,26,101.835,54,41135,1
1993,2020,수내동,"32,000",양지마을(5단지)(한양501-514),10,0,27,35.1,24,41135,6
1992,2020,수내동,"50,000",양지마을(2단지)(청구),10,52,27,84.99,36,41135,16
1993,2020,수내동,"50,000",파크타운(대림),10,16,28,84.78,51,41135,19
1993,2020,수내동,"70,000",푸른마을(신성),10,0,28,84.72,73,41135,8
1992,2020,수내동,"134,000",양지마을(금호1),10,0,28,133.82,34,41135,8
1992,2020,수내동,"110,000",양지마을(2단지)(청구),10,0,29,134.8,36,41135,23
1992,2020,수내동,"110,000",양지마을(2단지)(청구),10,0,29,134.8,36,41135,23
1993,2020,수내동,"36,000",양지마을(5단지)(한양501-514),10,0,29,35.1,24,41135,6
1993,2020,수내동,"3,900",양지마을(5단지)(한양501-514),10,75,30,42.56,24,41135,4
1993,2020,수내동,"80,000",파크타운(롯데),10,0,30,134.91,55,41135,2
1992,2020,수내동,"69,000",푸른마을(벽산),10,0,31,131.4,71,41135,12
1995,2020,정자동,"26,000",한솔마을(6단지)(주공),10,0,5,37.67,117,41135,13
1994,2020,정자동,"10,000",한솔마을(5단지)(주공),10,75,5,74.16,112,41135,14
1994,2020,정자동,"34,000",느티마을(4단지)(공무원),10,0,5,66.6,90,41135,11
1994,2020,정자동,"31,500",정든마을(7단지)(한진),10,0,5,49.5,194,41135,4
1994,2020,정자동,"34,000",한솔마을(5단지)(주공),10,0,6,74.16,112,41135,10
1994,2020,정자동,"21,000",한솔마을(4단지)(주공),10,0,6,41.85,102,41135,10
2007,2020,정자동,"88,000",분당더샵스타파크,10,0,6,84.9316,174-1,41135,28
1994,2020,정자동,"25,000",상록마을(라이프2차),10,150,6,71.61,125,41135,11
1994,2020,정자동,"19,400",한솔마을(4단지)(주공),10,0,7,36,102,41135,9
1995,2020,정자동,"2,000",한솔마을(6단지)(주공),10,65,7,37.67,117,41135,10
1993,2020,정자동,"6,000",한솔마을(3단지)(한일),10,140,7,59.96,107,41135,2
1994,2020,정자동,"49,300",상록마을(우성)1,10,0,7,69.12,121,41135,2
1994,2020,정자동,"37,800",상록마을(우성)1,10,0,7,55.14,121,41135,5
1995,2020,정자동,"53,000",상록마을(라이프2차),10,0,8,84.78,125,41135,6
1994,2020,정자동,"55,600",상록마을(라이프2차),10,0,8,84.78,125,41135,15
1995,2020,정자동,"56,700",상록마을(라이프2차),10,0,8,84.78,125,41135,11
1995,2020,정자동,"21,000",한솔마을(6단지)(주공),10,0,8,39.87,117,41135,2
1994,2020,정자동,"30,000",상록마을(우성)1,10,90,8,84.97,121,41135,3
1994,2020,정자동,"16,275",한솔마을(4단지)(주공),10,11,8,35.28,102,41135,9
1994,2020,정자동,"22,000",한솔마을(4단지)(주공),10,0,8,41.85,102,41135,14
1995,2020,정자동,"3,000",느티마을(4단지)(공무원),10,120,8,58.71,90,41135,17
1995,2020,정자동,"45,000",느티마을(4단지)(공무원),10,0,8,58.71,90,41135,5
1994,2020,정자동,"43,000",정든마을(6단지)(우성),10,0,8,69.055,198,41135,8
1993,2020,정자동,"62,000",한솔마을(3단지)(한일),10,0,9,59.96,107,41135,11
1994,2020,정자동,"20,000",느티마을(4단지)(공무원),10,80,9,67.43,90,41135,6
1994,2020,정자동,"11,500",한솔마을(5단지)(주공),10,0,9,41.85,112,41135,8
1995,2020,정자동,"45,000",정든마을(5단지)(신화),10,0,9,52.44,192,41135,7
1994,2020,정자동,"95,000",상록마을(우성)1,10,0,9,101.98,121,41135,9
1994,2020,정자동,"63,000",상록마을(라이프1차),10,0,9,159.26,124,41135,5
1995,2020,정자동,"45,150",정든마을(8단지)(한진),10,0,9,68.04,192,41135,14
1995,2020,정자동,"19,000",한솔마을(6단지)(주공),10,20,9,37.67,117,41135,13
1994,2020,정자동,"33,000",한솔마을(4단지)(주공),10,0,9,41.85,102,41135,13
1995,2020,정자동,"60,900",정든마을(4단지)(우성),10,0,9,129.72,197,41135,3
1994,2020,정자동,"20,000",정든마을(7단지)(한진),10,110,9,68.04,194,41135,10
1995,2020,정자동,"18,700",한솔마을(6단지)(주공),10,0,9,39.87,117,41135,4
1994,2020,정자동,"20,000",한솔마을(4단지)(주공),10,0,9,41.85,102,41135,14
1994,2020,정자동,"3,500",한솔마을(4단지)(주공),10,63,10,41.85,102,41135,10
1994,2020,정자동,"35,000",한솔마을(5단지)(주공),10,0,10,74.91,112,41135,3
1994,2020,정자동,"17,000",한솔마을(4단지)(주공),10,30,12,41.85,102,41135,13
1994,2020,정자동,"25,000",한솔마을(4단지)(주공),10,0,12,35.28,102,41135,14
2004,2020,정자동,"80,000",분당파크뷰,10,200,12,139.717,6,41135,28
1994,2020,정자동,"66,500",상록마을(우성)1,10,0,13,69.12,121,41135,3
1994,2020,정자동,"23,625",느티마을(4단지)(공무원),10,0,13,58.19,90,41135,2
1995,2020,정자동,"65,000",정든마을(5단지)(신화),10,0,14,115.77,192,41135,14
1994,2020,정자동,"60,000",상록마을(라이프1차),10,0,14,128.7,124,41135,5
1994,2020,정자동,"5,000",한솔마을(4단지)(주공),10,42,14,35.28,102,41135,1
1994,2020,정자동,"28,000",한솔마을(5단지)(주공),10,0,14,74.16,112,41135,11
1995,2020,정자동,"2,000",한솔마을(6단지)(주공),10,65,14,37.67,117,41135,14
1994,2020,정자동,"28,350",정든마을(6단지)(우성),10,0,14,48.84,198,41135,2
1994,2020,정자동,"75,000",한솔마을(1단지)(청구),10,0,14,84.965,110,41135,13
1994,2020,정자동,"50,400",상록마을(우성)1,10,0,15,69.12,121,41135,6
1994,2020,정자동,"40,750",상록마을(우성)1,10,40,15,69.12,121,41135,7
1995,2020,정자동,"22,000",한솔마을(6단지)(주공),10,0,15,37.67,117,41135,3
1993,2020,정자동,"42,000",한솔마을(3단지)(한일),10,0,15,59.96,107,41135,7
1994,2020,정자동,"3,000",한솔마을(4단지)(주공),10,80,15,41.85,102,41135,6
1994,2020,정자동,"17,850",한솔마을(4단지)(주공),10,0,15,35.28,102,41135,2
1994,2020,정자동,"21,000",한솔마을(4단지)(주공),10,0,15,41.85,102,41135,3
1995,2020,정자동,"38,000",느티마을(4단지)(공무원),10,0,15,58.71,90,41135,6
2003,2020,정자동,"30,000",현대I-PARK3,10,320,16,153.39,11,41135,5
2003,2020,정자동,"130,000",로얄팰리스,10,0,16,193.26,28-1,41135,24
1995,2020,정자동,"17,000",한솔마을(2단지)(LG),10,90,16,134.94,111,41135,8
2004,2020,정자동,"157,000",분당파크뷰,10,0,16,139.717,6,41135,6
1994,2020,정자동,"29,400",느티마을(4단지)(공무원),10,0,16,66.6,90,41135,3
1995,2020,정자동,"49,000",정든마을(8단지)(한진),10,0,16,84.69,192,41135,16
1995,2020,정자동,"74,000",한솔마을(2단지)(LG),10,0,17,134.94,111,41135,3
1995,2020,정자동,"80,000",정든마을(4단지)(우성),10,0,17,129.72,197,41135,21
1994,2020,정자동,"19,950",한솔마을(4단지)(주공),10,0,17,41.85,102,41135,9
1994,2020,정자동,"22,000",한솔마을(4단지)(주공),10,0,17,42.75,102,41135,8
1994,2020,정자동,"17,000",한솔마을(5단지)(주공),10,0,17,42.75,112,41135,7
1993,2020,정자동,"38,000",한솔마을(3단지)(한일),10,0,17,59.96,107,41135,1
1994,2020,정자동,"63,000",상록마을(우성)1,10,0,17,84.97,121,41135,2
2003,2020,정자동,"89,500",로얄팰리스,10,0,17,193.26,28-1,41135,8
1995,2020,정자동,"44,000",상록마을(보성),10,0,17,67.435,181,41135,11
1995,2020,정자동,"43,575",상록마을(보성),10,0,17,67.435,181,41135,9
1995,2020,정자동,"60,900",정든마을(5단지)(신화),10,0,17,163.55,192,41135,1
1995,2020,정자동,"24,150",느티마을(4단지)(공무원),10,0,17,58.19,90,41135,5
1994,2020,정자동,"26,000",한솔마을(1단지)(청구),10,0,17,49.35,110,41135,7
1994,2020,정자동,"30,450",느티마을(3단지)(공무원),10,0,17,67.43,88,41135,14
1994,2020,정자동,"39,000",상록마을(우성)1,10,0,17,69.12,121,41135,12
1995,2020,정자동,"23,000",정든마을(8단지)(한진),10,100,19,68.04,192,41135,7
1995,2020,정자동,"67,200",상록마을(우성)1,10,0,19,129.72,121,41135,5
1994,2020,정자동,"19,950",한솔마을(4단지)(주공),10,0,20,35.28,102,41135,3
2004,2020,정자동,"135,000",분당파크뷰,10,0,20,139.68,6,41135,7
1994,2020,정자동,"21,000",한솔마을(4단지)(주공),10,0,20,41.85,102,41135,11
1994,2020,정자동,"17,500",한솔마을(4단지)(주공),10,0,20,35.28,102,41135,14
1994,2020,정자동,"45,000",한솔마을(1단지)(청구),10,0,20,49.35,110,41135,13
1994,2020,정자동,"29,400",정든마을(6단지)(우성),10,0,21,48.84,198,41135,7
1995,2020,정자동,"14,000",상록마을(보성),10,110,21,48.84,181,41135,14
1995,2020,정자동,"50,000",정든마을(2단지)(동아),10,80,21,84.97,198,41135,21
2003,2020,정자동,"130,000",두산제니스,10,0,21,132.17,15-4,41135,23
1994,2020,정자동,"38,000",한솔마을(1단지)(청구),10,0,21,49.35,110,41135,9
1995,2020,정자동,"58,000",상록마을(라이프2차),10,0,22,84.78,125,41135,20
1994,2020,정자동,"90,000",상록마을(우성)1,10,0,22,101.98,121,41135,12
1994,2020,정자동,"30,000",한솔마을(4단지)(주공),10,0,22,35.28,102,41135,8
1994,2020,정자동,"13,650",한솔마을(5단지)(주공),10,0,22,41.85,112,41135,8
1995,2020,정자동,"70,000",정든마을(1단지)(동아),10,0,23,124.26,200,41135,14
1994,2020,정자동,"22,000",한솔마을(4단지)(주공),10,0,24,41.85,102,41135,11
2003,2020,정자동,"10,000",현대I-PARK1,10,160,25,80.31,9,41135,21
1994,2020,정자동,"13,100",한솔마을(5단지)(주공),10,0,26,42.75,112,41135,15
1995,2020,정자동,"22,500",한솔마을(6단지)(주공),10,0,26,39.87,117,41135,11
2004,2020,정자동,"64,500",분당파크뷰,10,100,26,124.515,6,41135,5
1994,2020,정자동,"18,000",한솔마을(5단지)(주공),10,15,26,42.75,112,41135,20
1995,2020,정자동,"3,000",느티마을(3단지)(공무원),10,120,27,58.71,88,41135,17
1994,2020,정자동,"40,000",상록마을(우성)1,10,0,27,57.27,121,41135,8
1994,2020,정자동,"20,000",한솔마을(5단지)(주공),10,0,28,42.75,112,41135,3
1994,2020,정자동,"59,000",상록마을(우성)1,10,0,28,55.14,121,41135,3
1994,2020,정자동,"52,500",정든마을(7단지)(한진),10,0,28,68.04,194,41135,4
1994,2020,정자동,"33,600",느티마을(3단지)(공무원),10,0,29,66.6,88,41135,14
1995,2020,정자동,"29,400",상록마을(임광),10,0,29,48.84,181,41135,2
1994,2020,정자동,"18,900",한솔마을(4단지)(주공),10,0,29,35.28,102,41135,7
1995,2020,정자동,"51,000",상록마을(임광),10,0,29,48.84,181,41135,9
2003,2020,정자동,"34,650",미켈란쉐르빌,10,0,29,39.96,180,41135,7
1995,2020,정자동,"67,200",상록마을(라이프1차),10,0,29,159.26,124,41135,6
1994,2020,정자동,"100,000",상록마을(우성)1,10,0,30,101.98,121,41135,8
1995,2020,정자동,"65,000",상록마을(우성)1,10,0,30,129.72,121,41135,6
1994,2020,정자동,"20,000",한솔마을(5단지)(주공),10,0,30,42.75,112,41135,3
1994,2020,정자동,"30,450",한솔마을(1단지)(청구),10,0,30,49.35,110,41135,11
1994,2020,정자동,"29,900",정든마을(6단지)(우성),10,0,30,48.84,198,41135,7
1995,2020,정자동,"85,000",상록마을(우성)1,10,0,30,129.72,121,41135,6
1995,2020,정자동,"16,800",느티마을(4단지)(공무원),10,0,30,58.71,90,41135,1
1995,2020,정자동,"20,000",한솔마을(6단지)(주공),10,48,30,58.71,117,41135,4
1995,2020,정자동,"69,000",상록마을(라이프2차),10,0,30,84.78,125,41135,8
1995,2020,정자동,"26,000",느티마을(4단지)(공무원),10,0,31,58.71,90,41135,6
1994,2020,정자동,"38,000",느티마을(3단지)(공무원),10,0,31,67.43,88,41135,10
1994,2020,정자동,"30,000",상록마을(우성)1,10,92,31,84.97,121,41135,10
1995,2020,정자동,"69,000",상록마을(우성)1,10,0,31,129.72,121,41135,11
1994,2020,정자동,"11,500",한솔마을(5단지)(주공),10,0,31,42.75,112,41135,12
1994,2020,정자동,"23,000",한솔마을(5단지)(주공),10,0,31,41.85,112,41135,6
1994,2020,정자동,"11,200",한솔마을(5단지)(주공),10,0,31,42.75,112,41135,15
1995,2020,정자동,"64,000",한솔마을(2단지)(LG),10,0,31,134.94,111,41135,2
1994,2020,정자동,"44,100",정든마을(6단지)(우성),10,0,31,69.055,198,41135,6
1995,2020,정자동,"25,000",정든마을(2단지)(동아),10,20,31,48.84,198,41135,1
1991,2020,서현동,"57,700",시범한신,10,0,5,84.69,87,41135,3
1992,2020,서현동,"63,000",시범한양,10,0,5,164.18,91,41135,9
1992,2020,서현동,"78,750",시범삼성,10,0,6,192.15,87,41135,2
1993,2020,서현동,"50,400",효자촌(임광),10,0,7,84.99,292,41135,5
1992,2020,서현동,"54,000",시범한양,10,0,7,84.99,91,41135,17
1992,2020,서현동,"20,000",효자촌(현대),10,160,7,101.64,299,41135,8
1992,2020,서현동,"42,000",효자촌(동아),10,30,8,84.72,291,41135,8
1991,2020,서현동,"81,800",시범현대,10,0,8,129.73,92,41135,10
1991,2020,서현동,"36,000",시범우성,10,0,8,59.73,96,41135,5
1991,2020,서현동,"25,000",시범한양,10,0,8,35.1,91,41135,3
1991,2020,서현동,"55,000",시범우성,10,0,8,75.9,96,41135,15
1991,2020,서현동,"68,000",시범한양,10,0,9,134.87,91,41135,4
1994,2020,서현동,"52,500",효자촌(화성),10,0,9,84.696,308,41135,13
1992,2020,서현동,"58,430",효자촌(현대),10,0,9,128.04,299,41135,9
1991,2020,서현동,"25,000",시범한양,10,0,9,28.71,91,41135,15
1992,2020,서현동,"42,000",시범우성,10,0,9,64.8,96,41135,17
1991,2020,서현동,"25,000",시범한양,10,0,9,28.71,91,41135,15
1992,2020,서현동,"90,000",시범우성,10,0,10,84.6,96,41135,8
1992,2020,서현동,"89,000",시범현대,10,0,12,84.95,92,41135,12
1991,2020,서현동,"24,000",시범한양,10,0,12,28.71,91,41135,1
1991,2020,서현동,"45,000",시범삼성,10,0,12,59.995,87,41135,1
1992,2020,서현동,"77,000",효자촌(현대),10,0,12,128.04,299,41135,2
1994,2020,서현동,"39,800",효자촌(대창),10,0,13,70.686,310,41135,4
1991,2020,서현동,"82,000",시범현대,10,0,13,189.63,92,41135,8
1991,2020,서현동,"73,000",시범한양,10,0,14,134.87,91,41135,12
1994,2020,서현동,"33,000",효자촌(대우),10,43,14,84.696,308,41135,10
1991,2020,서현동,"55,000",시범현대,10,0,15,129.73,92,41135,6
1991,2020,서현동,"84,000",시범우성,10,0,15,129.21,96,41135,8
1992,2020,서현동,"56,700",시범우성,10,0,16,84.6,96,41135,11
1992,2020,서현동,"10,000",효자촌(동아),10,160,17,84.72,291,41135,8
1994,2020,서현동,"48,300",효자촌(럭키),10,0,17,84.696,308,41135,3
1991,2020,서현동,"40,900",시범삼성,10,0,17,59.995,87,41135,4
1991,2020,서현동,"39,000",시범한신,10,0,17,59.995,87,41135,5
1991,2020,서현동,"22,000",시범한양,10,0,17,28.71,91,41135,5
1991,2020,서현동,"1,000",시범한양,10,65,17,28.71,91,41135,14
1991,2020,서현동,"18,900",시범한양,10,0,17,28.71,91,41135,2
1991,2020,서현동,"1,000",시범한양,10,70,17,28.71,91,41135,6
1991,2020,서현동,"120,000",시범한양,10,0,17,134.87,91,41135,3
1991,2020,서현동,"39,900",시범현대,10,0,17,59.55,92,41135,2
1991,2020,서현동,"34,500",시범현대,10,0,17,59.55,92,41135,5
1991,2020,서현동,"72,000",시범현대,10,0,17,129.56,92,41135,5
1991,2020,서현동,"40,000",시범우성,10,0,17,45.99,96,41135,5
1992,2020,서현동,"59,850",시범한신,10,0,19,84.69,87,41135,10
1992,2020,서현동,"88,000",시범현대,10,0,19,84.57,92,41135,22
1992,2020,서현동,"10,000",시범우성,10,140,19,84.6,96,41135,6
1992,2020,서현동,"52,000",시범우성,10,0,19,64.8,96,41135,7
1991,2020,서현동,"1,000",시범한양,10,75,20,35.1,91,41135,8
1991,2020,서현동,"5,000",시범현대,10,150,20,59.55,92,41135,4
1992,2020,서현동,"20,000",효자촌(현대),10,250,21,101.64,299,41135,8
1991,2020,서현동,"19,900",시범한양,10,0,21,28.71,91,41135,3
1992,2020,서현동,"55,650",시범현대,10,0,22,84.95,92,41135,29
1993,2020,서현동,"11,000",효자촌(임광),10,160,22,165.33,292,41135,14
1992,2020,서현동,"70,000",효자촌(임광),10,0,22,84.99,292,41135,1
1992,2020,서현동,"58,800",효자촌(삼환),10,0,22,129.761,301,41135,2
1992,2020,서현동,"110,000",시범우성,10,0,22,134.04,96,41135,21
1991,2020,서현동,"44,000",시범우성,10,0,22,75.9,96,41135,14
1991,2020,서현동,"5,000",시범우성,10,105,22,45.99,96,41135,1
1991,2020,서현동,"51,450",시범우성,10,0,22,84.88,96,41135,9
1991,2020,서현동,"57,700",시범한신,10,0,22,84.69,87,41135,1
1991,2020,서현동,"33,600",시범한양,10,0,24,59.13,91,41135,10
1991,2020,서현동,"57,500",시범삼성,10,0,24,84.69,87,41135,9
1992,2020,서현동,"50,400",시범한양,10,0,24,84.99,91,41135,9
1992,2020,서현동,"45,150",시범우성,10,0,26,75.9,96,41135,8
1991,2020,서현동,"18,900",시범한양,10,0,26,28.71,91,41135,11
1991,2020,서현동,"28,000",시범한양,10,0,26,28.71,91,41135,12
1991,2020,서현동,"40,000",시범우성,10,0,27,64.8,96,41135,2
1992,2020,서현동,"63,000",효자촌(동아),10,0,27,128.28,291,41135,13
1994,2020,서현동,"36,750",효자촌(대창),10,0,27,70.686,310,41135,13
1992,2020,서현동,"75,900",시범현대,10,0,28,186.24,92,41135,21
1992,2020,서현동,"65,000",시범현대,10,0,28,84.57,92,41135,26
1991,2020,서현동,"51,450",시범우성,10,0,29,84.88,96,41135,12
1991,2020,서현동,"130,000",시범삼성,10,0,29,171.515,87,41135,15
1992,2020,서현동,"15,000",효자촌(임광),10,73,29,101.34,292,41135,1
1991,2020,서현동,"57,750",시범삼성,10,0,29,84.69,87,41135,8
1992,2020,서현동,"56,175",시범우성,10,0,29,84.6,96,41135,4
1991,2020,서현동,"62,000",시범우성,10,0,30,75.9,96,41135,11
1991,2020,서현동,"65,000",시범우성,10,0,30,84.6,96,41135,1
1991,2020,서현동,"56,700",시범한신,10,0,30,84.69,87,41135,5
1994,2020,서현동,"40,950",효자촌(대우),10,0,30,70.686,308,41135,22
1991,2020,서현동,"58,275",시범우성,10,0,31,84.6,96,41135,7
1994,2020,서현동,"40,000",효자촌(럭키),10,0,31,53.82,308,41135,2
1994,2020,서현동,"28,000",효자촌(화성),10,30,31,53.82,308,41135,6
1992,2020,서현동,"58,800",효자촌(임광),10,0,31,111.51,292,41135,5
1992,2020,서현동,"31,500",시범우성,10,63,31,75.9,96,41135,17
1992,2020,서현동,"50,000",효자촌(동아),10,8,31,84.72,291,41135,12
1993,2020,이매동,"60,000",이매촌(진흥),10,0,5,84.63,111,41135,3
1992,2020,이매동,"80,000",아름마을(건영),10,0,5,133.89,132,41135,13
1992,2020,이매동,"44,000",이매촌(금강),10,21,5,84.42,122,41135,9
1992,2020,이매동,"33,000",이매촌(청구),10,50,5,84.99,123,41135,9
1994,2020,이매동,"33,600",이매촌(삼성),10,0,6,59.535,100,41135,2
1992,2020,이매동,"47,200",아름마을(한성),10,0,6,83.64,132,41135,1
1994,2020,이매동,"62,000",이매촌(삼성),10,0,6,174.67,100,41135,7
1993,2020,이매동,"77,000",아름마을(삼호),10,0,7,101.82,133,41135,14
1992,2020,이매동,"44,000",이매촌(한신),10,0,7,50.1,124,41135,7
1992,2020,이매동,"44,000",이매촌(한신),10,0,7,50.1,124,41135,7
1994,2020,이매동,"10,000",이매촌(삼성),10,106,7,73.25,100,41135,3
1993,2020,이매동,"46,000",아름마을(선경),10,0,8,83.58,142,41135,5
1993,2020,이매동,"52,500",아름마을(선경),10,0,8,83.58,142,41135,4
1992,2020,이매동,"53,000",이매촌(한신),10,0,8,66.27,124,41135,1
1992,2020,이매동,"55,000",이매촌(청구),10,0,8,59.92,123,41135,7
1992,2020,이매동,"70,000",이매촌(금강),10,0,8,84.42,122,41135,3
1992,2020,이매동,"65,000",아름마을(태영),10,0,9,101.85,132,41135,1
1993,2020,이매동,"65,000",이매촌(진흥),10,0,9,84.63,111,41135,1
1993,2020,이매동,"60,000",아름마을(풍림),10,0,9,59.55,140,41135,9
1992,2020,이매동,"21,000",아름마을(한성),10,30,9,59.46,132,41135,3
1993,2020,이매동,"40,000",이매촌(한신),10,70,9,66.27,124,41135,17
1992,2020,이매동,"50,000",이매촌(성지),10,65,9,84.9,116,41135,11
1992,2020,이매동,"42,000",이매촌(한신),10,0,12,50.1,124,41135,12
1993,2020,이매동,"57,000",이매촌(진흥),10,0,12,59.58,111,41135,5
1992,2020,이매동,"70,000",이매촌(성지),10,0,12,101.91,116,41135,10
1993,2020,이매동,"43,050",아름마을(선경),10,0,13,83.58,142,41135,4
1992,2020,이매동,"55,650",아름마을(두산),10,0,13,132.72,133,41135,11
1992,2020,이매동,"35,000",아름마을(한성),10,0,13,59.46,132,41135,1
1992,2020,이매동,"80,000",이매촌(금강),10,0,14,99.17,122,41135,2
1992,2020,이매동,"45,000",아름마을(태영),10,0,14,134.79,132,41135,2
1993,2020,이매동,"55,650",아름마을(삼호),10,0,15,132.72,133,41135,16
1994,2020,이매동,"47,200",이매촌(삼성),10,0,15,73.25,100,41135,2
1992,2020,이매동,"100,000",이매촌(동신9),10,0,15,134.88,110,41135,12
1993,2020,이매동,"46,200",이매촌(진흥),10,0,15,59.58,111,41135,9
1993,2020,이매동,"55,600",아름마을(두산),10,0,15,132.72,133,41135,19
1992,2020,이매동,"5,000",아름마을(두산),10,120,15,59.79,133,41135,4
1993,2020,이매동,"51,450",이매촌(진흥),10,0,16,84.63,111,41135,2
1993,2020,이매동,"3,000",이매촌(금강),10,200,16,84.42,122,41135,8
1993,2020,이매동,"62,000",아름마을(풍림),10,0,16,163.62,140,41135,9
1992,2020,이매동,"30,000",이매촌(금강),10,3,16,50.82,122,41135,2
1993,2020,이매동,"8,000",이매촌(한신),10,75,16,50.1,124,41135,2
1993,2020,이매동,"52,000",이매촌(진흥),10,0,16,84.63,111,41135,8
1995,2020,이매동,"64,050",아름마을(효성),10,0,17,130.35,143,41135,5
1994,2020,이매동,"51,500",아름마을(효성),10,0,17,101.76,143,41135,1
1993,2020,이매동,"51,000",아름마을(선경),10,40,17,83.58,142,41135,12
1992,2020,이매동,"45,000",아름마을(한성),10,0,17,84.89,132,41135,4
1993,2020,이매동,"45,000",이매촌(한신),10,0,17,66.27,124,41135,22
1993,2020,이매동,"46,200",이매촌(한신),10,0,17,66.27,124,41135,25
1992,2020,이매동,"68,250",이매촌(성지),10,0,17,101.91,116,41135,11
1994,2020,이매동,"35,000",이매촌(삼성),10,0,17,59.535,100,41135,5
1994,2020,이매동,"60,000",이매촌(삼성),10,0,19,73.25,100,41135,4
1993,2020,이매동,"10,000",아름마을(풍림),10,130,19,59.55,140,41135,10
1993,2020,이매동,"10,000",아름마을(풍림),10,130,19,59.55,140,41135,10
1992,2020,이매동,"37,800",이매촌(청구),10,0,20,59.92,123,41135,9
1993,2020,이매동,"31,500",이매촌(한신),10,0,20,50.1,124,41135,7
1994,2020,이매동,"75,000",이매촌(삼환),10,0,20,101.9,99,41135,11
1994,2020,이매동,"20,000",이매촌(삼성),10,150,20,174.67,100,41135,10
1993,2020,이매동,"31,500",이매촌(한신),10,0,20,50.1,124,41135,7
1992,2020,이매동,"50,400",이매촌(성지),10,0,21,84.9,116,41135,2
1992,2020,이매동,"55,650",아름마을(건영),10,0,21,133.89,132,41135,3
1994,2020,이매동,"49,000",이매촌(삼환),10,0,22,84.93,99,41135,2
1993,2020,이매동,"47,250",이매촌(한신),10,0,22,66.27,124,41135,17
1994,2020,이매동,"55,000",아름마을(효성),10,90,23,101.76,143,41135,5
1994,2020,이매동,"42,000",이매촌(삼환),10,0,24,59.87,99,41135,10
1992,2020,이매동,"44,000",이매촌(청구),10,36,26,84.99,123,41135,5
1993,2020,이매동,"55,650",이매촌(진흥),10,0,26,84.63,111,41135,5
1992,2020,이매동,"55,000",아름마을(태영),10,0,27,134.79,132,41135,9
1993,2020,이매동,"48,300",이매촌(한신),10,0,27,84.9,124,41135,4
1993,2020,이매동,"24,670",아름마을(선경),10,0,28,41.76,142,41135,4
1993,2020,이매동,"40,950",이매촌(진흥),10,0,28,59.58,111,41135,2
1994,2020,이매동,"70,000",이매촌(삼환),10,0,29,101.9,99,41135,10
1992,2020,이매동,"60,900",아름마을(태영),10,0,29,164.67,132,41135,9
1994,2020,이매동,"50,400",이매촌(삼성),10,0,30,84.94,100,41135,12
1992,2020,이매동,"45,150",이매촌(한신),10,0,30,66.27,124,41135,4
1993,2020,이매동,"58,800",아름마을(삼호),10,0,30,158.4,133,41135,17
1992,2020,이매동,"65,000",아름마을(한성),10,0,31,83.64,132,41135,4
1992,2020,이매동,"46,200",이매촌(청구),10,32,31,84.99,123,41135,5
1992,2020,이매동,"68,000",이매촌(동신9),10,87,31,134.88,110,41135,10
1993,2020,야탑동,"44,100",장미마을(동부),10,0,6,70.56,330,41135,5
1994,2020,야탑동,"43,050",탑마을(벽산),10,0,6,69.87,517,41135,14
1993,2020,야탑동,"19,500",매화마을(주공4),10,0,6,35.28,211,41135,12
1993,2020,야탑동,"18,000",매화마을(주공3),10,0,6,41.85,205,41135,5
1993,2020,야탑동,"18,000",매화마을(주공3),10,30,7,41.85,205,41135,2
1993,2020,야탑동,"1,950",장미마을(현대),10,75,7,41.76,334,41135,7
1992,2020,야탑동,"50,000",탑마을(선경)1,10,0,7,83.73,536,41135,1
1994,2020,야탑동,"47,000",탑마을(경남)1,10,0,8,69.87,525,41135,16
1992,2020,야탑동,"50,000",탑마을(선경)1,10,0,8,101.76,536,41135,2
1993,2020,야탑동,"10,000",장미마을(코오롱)1,10,100,8,59.55,330,41135,16
1993,2020,야탑동,"40,000",장미마을(현대),10,50,8,84.79,334,41135,7
1993,2020,야탑동,"34,650",장미마을(동부),10,0,8,59.76,330,41135,6
1993,2020,야탑동,"47,250",장미마을(현대),10,0,8,133.448,334,41135,2
1993,2020,야탑동,"18,500",매화마을(주공4),10,0,9,41.85,211,41135,8
1992,2020,야탑동,"10,000",탑마을(선경)1,10,150,9,83.73,536,41135,10
1993,2020,야탑동,"47,250",장미마을(동부),10,0,9,84.99,330,41135,5
1993,2020,야탑동,"2,000",매화마을(주공4),10,60,9,35.28,211,41135,12
1995,2020,야탑동,"30,900",매화마을공무원1,10,0,10,58.92,201,41135,13
1993,2020,야탑동,"25,000",탑마을(주공),10,0,10,41.85,518,41135,1
1993,2020,야탑동,"45,000",장미마을(현대),10,0,11,75.188,334,41135,10
1993,2020,야탑동,"68,000",탑마을(기산)1,10,0,12,131.4,511,41135,15
1993,2020,야탑동,"10,000",장미마을(동부),10,100,12,70.56,330,41135,12
1993,2020,야탑동,"6,000",매화마을(주공3),10,30,12,41.85,205,41135,1
1995,2020,야탑동,"35,000",목련마을(영남),10,0,12,53.6,156,41135,11
1994,2020,야탑동,"68,000",탑마을(경남)1,10,0,12,134.79,525,41135,2
1994,2020,야탑동,"51,450",탑마을(벽산),10,0,13,84.91,517,41135,5
1993,2020,야탑동,"48,300",장미마을(코오롱)1,10,0,13,84.6,330,41135,12
1993,2020,야탑동,"25,000",탑마을(주공),10,0,14,35.28,518,41135,4
1994,2020,야탑동,"58,000",탑마을(경남)1,10,0,14,134.79,525,41135,21
1993,2020,야탑동,"45,000",탑마을(경향),10,70,14,131.4,510,41135,12
1993,2020,야탑동,"90,000",탑마을(기산)1,10,0,14,131.4,511,41135,2
2003,2020,야탑동,"70,350",현대I-PARK,10,0,15,146.8267,391,41135,5
1993,2020,야탑동,"4,000",탑마을(주공),10,60,15,41.85,518,41135,10
1993,2020,야탑동,"2,000",탑마을(주공),10,55,16,35.28,518,41135,1
1993,2020,야탑동,"24,150",탑마을(주공),10,0,16,41.85,518,41135,10
1993,2020,야탑동,"25,000",탑마을(주공),10,0,16,35.28,518,41135,10
1993,2020,야탑동,"65,100",탑마을(기산)1,10,0,16,131.4,511,41135,10
1993,2020,야탑동,"34,650",장미마을(동부),10,0,16,59.76,330,41135,10
1995,2020,야탑동,"32,500",매화마을공무원2,10,0,16,66.6,215,41135,7
1995,2020,야탑동,"35,000",매화마을공무원2,10,0,16,58.71,215,41135,4
1993,2020,야탑동,"22,000",매화마을(주공3),10,15,16,41.85,205,41135,8
1993,2020,야탑동,"18,900",매화마을(주공3),10,0,16,41.85,205,41135,9
1995,2020,야탑동,"39,000",목련마을(한일),10,0,16,50.82,162,41135,13
1993,2020,야탑동,"15,000",장미마을(현대),10,130,17,75.188,334,41135,1
1995,2020,야탑동,"31,500",매화마을공무원1,10,0,17,58.92,201,41135,8
1993,2020,야탑동,"45,000",장미마을(동부),10,0,17,70.56,330,41135,6
1994,2020,야탑동,"39,375",탑마을(벽산),10,0,17,59.91,517,41135,15
1993,2020,야탑동,"20,000",매화마을(주공3),10,21,17,49.77,205,41135,4
1993,2020,야탑동,"27,000",매화마을(주공3),10,0,17,49.77,205,41135,3
1993,2020,야탑동,"24,150",매화마을(주공3),10,0,17,49.77,205,41135,6
1993,2020,야탑동,"12,000",매화마을(주공3),10,31,17,41.85,205,41135,7
1993,2020,야탑동,"13,000",매화마을(주공3),10,17,17,41.85,205,41135,10
1998,2020,야탑동,"20,000",목련마을SK아파트,10,50,17,59.93,147,41135,8
1993,2020,야탑동,"21,000",매화마을(주공4),10,0,17,41.85,211,41135,3
1995,2020,야탑동,"39,900",목련마을(영남),10,0,17,84.93,156,41135,3
1993,2020,야탑동,"62,000",장미마을(현대),10,0,17,75.188,334,41135,1
1995,2020,야탑동,"32,000",매화마을공무원2,10,0,17,58.71,215,41135,19
1995,2020,야탑동,"47,000",목련마을(한일),10,0,17,84.93,162,41135,6
1993,2020,야탑동,"35,500",장미마을(현대),10,0,18,41.76,334,41135,5
1993,2020,야탑동,"25,000",장미마을(현대),10,70,19,74.61,334,41135,1
1995,2020,야탑동,"14,000",매화마을공무원2,10,50,19,58.71,215,41135,7
1995,2020,야탑동,"31,000",매화마을공무원2,10,0,19,58.71,215,41135,11
1995,2020,야탑동,"43,000",매화마을공무원2,10,0,19,58.71,215,41135,12
1993,2020,야탑동,"50,400",장미마을(현대),10,0,19,84.97,334,41135,13
1993,2020,야탑동,"33,600",장미마을(코오롱)1,10,0,19,59.55,330,41135,15
1995,2020,야탑동,"29,400",매화마을공무원2,10,0,20,58.71,215,41135,7
1993,2020,야탑동,"35,700",장미마을(현대),10,0,20,59.4,334,41135,5
1995,2020,야탑동,"28,000",매화마을공무원1,10,0,21,49.67,201,41135,14
1995,2020,야탑동,"40,000",매화마을공무원2,10,0,22,58.71,215,41135,9
1995,2020,야탑동,"30,800",매화마을공무원2,10,0,22,58.71,215,41135,15
1995,2020,야탑동,"45,000",매화마을공무원2,10,0,22,66.6,215,41135,11
1993,2020,야탑동,"23,000",탑마을(주공),10,0,22,35.28,518,41135,2
1995,2020,야탑동,"32,500",매화마을공무원1,10,0,22,59.98,201,41135,11
1994,2020,야탑동,"55,000",탑마을(경남)1,10,0,22,69.87,525,41135,5
1992,2020,야탑동,"82,500",탑마을(대우),10,0,22,134.31,535,41135,7
1994,2020,야탑동,"63,000",탑마을(벽산),10,0,23,134.79,517,41135,12
1993,2020,야탑동,"18,375",매화마을(주공3),10,0,24,38.34,205,41135,4
1994,2020,야탑동,"50,000",탑마을(벽산),10,35,24,84.91,517,41135,9
1993,2020,야탑동,"20,000",매화마을(주공3),10,55,26,49.77,205,41135,6
1993,2020,야탑동,"22,000",매화마을(주공3),10,0,26,38.34,205,41135,2
1995,2020,야탑동,"30,500",매화마을공무원2,10,0,26,58.71,215,41135,17
1993,2020,야탑동,"53,000",장미마을(코오롱)1,10,0,26,84.6,330,41135,9
1993,2020,야탑동,"70,000",장미마을(현대),10,0,26,133.448,334,41135,12
1993,2020,야탑동,"70,000",장미마을(현대),10,0,26,133.448,334,41135,12
1993,2020,야탑동,"70,000",장미마을(현대),10,0,26,133.448,334,41135,12
1993,2020,야탑동,"21,000",탑마을(주공),10,0,26,35.28,518,41135,7
1993,2020,야탑동,"23,000",탑마을(주공),10,0,28,41.85,518,41135,5
1992,2020,야탑동,"50,000",탑마을(선경)1,10,0,29,101.76,536,41135,8
1993,2020,야탑동,"23,000",매화마을(주공3),10,0,29,46.2,205,41135,2
1993,2020,야탑동,"58,000",탑마을(경향),10,0,29,101.91,510,41135,5
1993,2020,야탑동,"36,750",장미마을(현대),10,0,29,59.4,334,41135,11
1993,2020,야탑동,"47,250",장미마을(현대),10,0,29,84.97,334,41135,4
1993,2020,야탑동,"18,900",탑마을(주공),10,0,30,35.28,518,41135,3
1992,2020,야탑동,"60,000",탑마을(대우),10,0,30,163.89,535,41135,5
1993,2020,야탑동,"29,000",매화마을(주공3),10,0,31,41.85,205,41135,8
1993,2020,야탑동,"20,000",장미마을(동부),10,65,31,59.76,330,41135,13
1995,2020,야탑동,"28,300",매화마을공무원2,10,0,31,58.19,215,41135,1
1995,2020,야탑동,"30,400",매화마을공무원2,10,0,31,58.71,215,41135,19
1993,2020,야탑동,"60,000",탑마을(쌍용)1,10,0,31,131.4,511,41135,3
1995,2020,야탑동,"26,250",매화마을공무원1,10,0,31,58.92,201,41135,2
1993,2020,야탑동,"10,000",탑마을(쌍용)1,10,250,31,131.4,511,41135,11
2009,2020,판교동,"38,602",판교원마을8단지(상록)임대,10,0,3,84.96,638,41135,19
2009,2020,판교동,"26,750",판교원마을7단지(모아미래도),10,0,5,56.555,637,41135,14
2009,2020,판교동,"20,000",판교원마을12단지(힐스테이트),10,100,5,101.7,494,41135,8
2009,2020,판교동,"20,000",판교원마을12단지(힐스테이트),10,0,5,101.7,494,41135,8
2009,2020,판교동,"40,000",판교원마을12단지(힐스테이트),10,130,5,101.7,494,41135,7
2009,2020,판교동,"50,000",판교원마을12단지(힐스테이트),10,50,6,118.6,494,41135,10
2009,2020,판교동,"30,881",판교원마을8단지(상록)임대,10,0,6,84.87,638,41135,16
2009,2020,판교동,"70,000",판교원마을9단지(한림풀에버),10,0,7,84.9907,585,41135,10
2009,2020,판교동,"30,881",판교원마을8단지(상록)임대,10,16,7,84.87,638,41135,7
2009,2020,판교동,"20,000",판교원마을7단지(모아미래도),10,140,9,56.555,637,41135,5
2009,2020,판교동,"70,350",판교원마을11단지(현대),10,0,9,101.76,513,41135,3
2009,2020,판교동,"80,000",판교원마을3단지(푸르지오),10,0,9,84.56,629,41135,23
2009,2020,판교동,"63,000",판교원마을9단지(한림풀에버),10,0,10,84.9958,585,41135,16
2009,2020,판교동,"40,000",판교원마을1단지(주공휴먼시아),10,140,12,101.06,622,41135,5
2009,2020,판교동,"140,000",판교원마을3단지(푸르지오),10,0,17,116.16,629,41135,25
2009,2020,판교동,"86,000",판교원마을1단지(주공휴먼시아),10,0,17,101.06,622,41135,10
2009,2020,판교동,"95,000",판교원마을3단지(푸르지오),10,0,17,84.56,629,41135,19
2009,2020,판교동,"75,500",판교원마을2단지(푸르지오),10,0,18,115.09,623,41135,10
2009,2020,판교동,"78,750",판교원마을5단지(푸르지오),10,0,23,101.06,634,41135,13
2009,2020,판교동,"53,000",판교원마을7단지(모아미래도),10,0,27,56.555,637,41135,11
2009,2020,판교동,"70,000",판교원마을3단지(푸르지오),10,0,27,84.71,629,41135,16
2009,2020,판교동,"85,000",판교원마을5단지(푸르지오),10,0,27,101.06,634,41135,31
2009,2020,판교동,"72,000",판교원마을1단지(주공휴먼시아),10,0,29,101.06,622,41135,11
2009,2020,판교동,"85,000",판교원마을12단지(힐스테이트),10,0,31,101.76,494,41135,9
2020,2020,삼평동,"4,104",성남판교 경기행복주택,10,15,4,16.39,700,41135,7
2020,2020,삼평동,"3,876",성남판교 경기행복주택,10,15,5,16.39,700,41135,8
2020,2020,삼평동,"4,104",성남판교 경기행복주택,10,15,5,16.39,700,41135,8
2020,2020,삼평동,"4,104",성남판교 경기행복주택,10,15,5,16.39,700,41135,8
2020,2020,삼평동,"6,624",성남판교 경기행복주택,10,25,5,26.18,700,41135,6
2020,2020,삼평동,"4,104",성남판교 경기행복주택,10,15,5,16.39,700,41135,4
2009,2020,삼평동,"51,000",봇들마을4단지(주공),10,0,5,59.84,718,41135,2
2009,2020,삼평동,"55,000",봇들마을4단지(주공),10,0,5,59.84,718,41135,2
2020,2020,삼평동,"4,104",성남판교 경기행복주택,10,15,5,16.39,700,41135,6
2020,2020,삼평동,"4,104",성남판교 경기행복주택,10,15,5,16.39,700,41135,3
2020,2020,삼평동,"3,876",성남판교 경기행복주택,10,15,5,16.39,700,41135,5
2020,2020,삼평동,"6,624",성남판교 경기행복주택,10,25,5,26.18,700,41135,8
2020,2020,삼평동,"4,104",성남판교 경기행복주택,10,15,6,16.39,700,41135,7
2009,2020,삼평동,"40,000",봇들마을7단지,10,165,6,108.15,738,41135,15
2020,2020,삼평동,"4,104",성남판교 경기행복주택,10,15,6,16.39,700,41135,6
2009,2020,삼평동,"42,000",봇들마을2단지(이지더원),10,46,6,84.2822,717,41135,3
2020,2020,삼평동,"4,104",성남판교 경기행복주택,10,15,6,16.39,700,41135,7
2020,2020,삼평동,"4,104",성남판교 경기행복주택,10,15,6,16.39,700,41135,6
2020,2020,삼평동,"3,876",성남판교 경기행복주택,10,15,6,16.39,700,41135,3
2011,2020,삼평동,"7,963",봇들마을6단지(주공)임대,10,13,8,46.85,728,41135,17
2010,2020,삼평동,"7,429",봇들마을5단지(주공)임대,10,12,8,46.85,726,41135,10
2009,2020,삼평동,"59,850",봇들마을1단지(판교신미주),10,0,8,83.698,705,41135,8
2009,2020,삼평동,"80,000",봇들마을8단지(주공),10,0,8,84.92,742,41135,8
2020,2020,삼평동,"3,876",성남판교 경기행복주택,10,15,8,16.39,700,41135,6
2020,2020,삼평동,"4,104",성남판교 경기행복주택,10,15,8,16.39,700,41135,2
2020,2020,삼평동,"6,624",성남판교 경기행복주택,10,25,8,26.18,700,41135,7
2020,2020,삼평동,"6,104",성남판교 경기행복주택,10,5,8,16.39,700,41135,4
2020,2020,삼평동,"6,256",성남판교 경기행복주택,10,23,8,26.18,700,41135,8
2009,2020,삼평동,"130,000",봇들마을7단지,10,0,9,108.34,738,41135,16
2009,2020,삼평동,"59,800",봇들마을2단지(이지더원),10,0,11,84.2822,717,41135,4
2012,2020,삼평동,"120,000",판교호반써밋플레이스,10,0,12,131.24,740,41135,10
2020,2020,삼평동,"3,876",성남판교 경기행복주택,10,15,12,16.39,700,41135,6
2020,2020,삼평동,"3,876",성남판교 경기행복주택,10,15,12,16.39,700,41135,4
2020,2020,삼평동,"6,624",성남판교 경기행복주택,10,25,12,26.18,700,41135,5
2009,2020,삼평동,"70,000",봇들마을3단지(주공)임대,10,0,12,59.84,722,41135,15
2009,2020,삼평동,"75,000",봇들마을3단지(주공)임대,10,0,12,59.84,722,41135,6
2011,2020,삼평동,"5,221",봇들마을6단지(주공)임대,10,17,12,51.9,728,41135,4
2020,2020,삼평동,"4,104",성남판교 경기행복주택,10,15,12,16.39,700,41135,8
2020,2020,삼평동,"4,104",성남판교 경기행복주택,10,15,12,16.39,700,41135,6
2020,2020,삼평동,"4,104",성남판교 경기행복주택,10,15,12,16.39,700,41135,8
2020,2020,삼평동,"4,104",성남판교 경기행복주택,10,15,12,16.39,700,41135,5
2020,2020,삼평동,"6,992",성남판교 경기행복주택,10,26,12,26.18,700,41135,4
2020,2020,삼평동,"3,876",성남판교 경기행복주택,10,15,13,16.39,700,41135,2
2009,2020,삼평동,"35,000",봇들마을3단지(주공)임대,10,80,13,59.84,722,41135,4
2020,2020,삼평동,"3,876",성남판교 경기행복주택,10,15,13,16.39,700,41135,6
2011,2020,삼평동,"7,678",봇들마을6단지(주공)임대,10,13,13,46.85,728,41135,6
2020,2020,삼평동,"4,104",성남판교 경기행복주택,10,15,13,16.39,700,41135,3
2020,2020,삼평동,"4,104",성남판교 경기행복주택,10,15,14,16.39,700,41135,4
2009,2020,삼평동,"40,000",봇들마을9단지(금호어울림),10,177,14,115.01,744,41135,1
2009,2020,삼평동,"17,000",봇들마을9단지(금호어울림),10,200,15,101.09,744,41135,6
2009,2020,삼평동,"80,000",봇들마을1단지(판교신미주),10,0,15,82.794,705,41135,12
2009,2020,삼평동,"91,000",봇들마을1단지(판교신미주),10,0,15,83.698,705,41135,13
2020,2020,삼평동,"4,104",성남판교 경기행복주택,10,15,16,16.39,700,41135,6
2009,2020,삼평동,"59,500",봇들마을4단지(주공),10,0,16,74.45,718,41135,9
2020,2020,삼평동,"4,104",성남판교 경기행복주택,10,15,16,16.39,700,41135,8
2020,2020,삼평동,"6,992",성남판교 경기행복주택,10,26,16,26.18,700,41135,3
2009,2020,삼평동,"58,000",봇들마을4단지(주공),10,0,17,84.69,718,41135,16
2009,2020,삼평동,"58,500",봇들마을1단지(판교신미주),10,0,17,82.794,705,41135,10
2009,2020,삼평동,"75,000",봇들마을1단지(판교신미주),10,0,17,82.794,705,41135,11
2009,2020,삼평동,"78,750",봇들마을8단지(주공),10,0,17,84.61,742,41135,8
2009,2020,삼평동,"97,600",봇들마을9단지(금호어울림),10,0,17,115.01,744,41135,12
2009,2020,삼평동,"62,000",봇들마을4단지(주공),10,0,19,84.69,718,41135,9
2020,2020,삼평동,"4,104",성남판교 경기행복주택,10,15,19,16.39,700,41135,8
2020,2020,삼평동,"4,104",성남판교 경기행복주택,10,15,19,16.39,700,41135,7
2020,2020,삼평동,"4,104",성남판교 경기행복주택,10,15,19,16.39,700,41135,4
2009,2020,삼평동,"82,000",봇들마을9단지(금호어울림),10,30,19,115.01,744,41135,1
2009,2020,삼평동,"85,000",봇들마을2단지(이지더원),10,0,19,84.2822,717,41135,6
2009,2020,삼평동,"50,100",봇들마을1단지(판교신미주),10,0,20,83.698,705,41135,15
2020,2020,삼평동,"3,876",성남판교 경기행복주택,10,15,20,16.39,700,41135,5
2020,2020,삼평동,"4,104",성남판교 경기행복주택,10,15,20,16.39,700,41135,5
2020,2020,삼평동,"4,104",성남판교 경기행복주택,10,15,20,16.39,700,41135,3
2020,2020,삼평동,"4,104",성남판교 경기행복주택,10,15,20,16.39,700,41135,5
2020,2020,삼평동,"4,104",성남판교 경기행복주택,10,15,20,16.39,700,41135,6
2020,2020,삼평동,"4,104",성남판교 경기행복주택,10,15,21,16.39,700,41135,4
2020,2020,삼평동,"4,104",성남판교 경기행복주택,10,15,21,16.39,700,41135,5
2020,2020,삼평동,"6,624",성남판교 경기행복주택,10,25,21,26.18,700,41135,7
2020,2020,삼평동,"4,104",성남판교 경기행복주택,10,15,21,16.39,700,41135,2
2020,2020,삼평동,"6,624",성남판교 경기행복주택,10,25,22,26.18,700,41135,7
2020,2020,삼평동,"4,104",성남판교 경기행복주택,10,15,22,16.39,700,41135,2
2020,2020,삼평동,"4,104",성남판교 경기행복주택,10,15,23,16.39,700,41135,5
2009,2020,삼평동,"41,000",봇들마을2단지(이지더원),10,42,23,83.392,717,41135,8
2009,2020,삼평동,"51,450",봇들마을4단지(주공),10,0,24,59.84,718,41135,13
2011,2020,삼평동,"2,860",봇들마을6단지(주공)임대,10,20,26,39.99,728,41135,4
2009,2020,삼평동,"65,000",봇들마을3단지(주공)임대,10,65,26,84.69,722,41135,16
2009,2020,삼평동,"65,000",봇들마을3단지(주공)임대,10,65,26,84.69,722,41135,16
2009,2020,삼평동,"20,000",봇들마을4단지(주공),10,75,26,59.84,718,41135,2
2020,2020,삼평동,"6,624",성남판교 경기행복주택,10,25,27,26.18,700,41135,6
2020,2020,삼평동,"4,104",성남판교 경기행복주택,10,15,28,16.39,700,41135,7
2011,2020,삼평동,"5,221",봇들마을6단지(주공)임대,10,37,28,51.96,728,41135,2
2020,2020,삼평동,"6,624",성남판교 경기행복주택,10,25,29,26.18,700,41135,7
2020,2020,삼평동,"6,624",성남판교 경기행복주택,10,25,29,26.18,700,41135,7
2009,2020,삼평동,"108,000",봇들마을7단지,10,0,29,84.5,738,41135,12
2009,2020,삼평동,"189,300",봇들마을7단지,10,0,29,108.15,738,41135,19
2020,2020,삼평동,"4,104",성남판교 경기행복주택,10,15,30,16.39,700,41135,8
2020,2020,삼평동,"4,104",성남판교 경기행복주택,10,15,30,16.39,700,41135,3
2009,2020,삼평동,"83,000",봇들마을4단지(주공),10,0,30,84.98,718,41135,2
2009,2020,삼평동,"93,000",봇들마을9단지(금호어울림),10,0,31,115.01,744,41135,11
2009,2020,삼평동,"30,000",봇들마을2단지(이지더원),10,68,31,84.2822,717,41135,9
2009,2020,삼평동,"57,750",봇들마을2단지(이지더원),10,0,31,84.2822,717,41135,10
2009,2020,삼평동,"48,300",봇들마을4단지(주공),10,0,31,59.84,718,41135,1
2009,2020,삼평동,"80,000",봇들마을1단지(판교신미주),10,0,31,82.794,705,41135,4
2009,2020,삼평동,"100,000",봇들마을8단지(주공),10,0,31,101.84,742,41135,18
2009,2020,백현동,"72,000",백현마을2단지(주공)일부임대,10,0,5,84.5,545,41135,4
2015,2020,백현동,"92,000",판교알파리움2단지,10,0,6,96.815,530,41135,2
2011,2020,백현동,"3,955",백현마을3단지(주공)임대,10,15,6,39.62,546,41135,12
2009,2020,백현동,"71,400",백현마을2단지(주공)일부임대,10,0,8,84.5,545,41135,6
2009,2020,백현동,"108,000",백현마을6단지(주공),10,0,8,84.73,555,41135,11
2015,2020,백현동,"160,000",판교알파리움1단지,10,0,8,142.013,531,41135,14
2011,2020,백현동,"150,000",판교푸르지오그랑블,10,0,8,139.7268,542,41135,7
2011,2020,백현동,"7,599",백현마을3단지(주공)임대,10,14,12,46.81,546,41135,9
2015,2020,백현동,"165,000",판교알파리움2단지,10,0,12,142.013,530,41135,9
2011,2020,백현동,"6,972",백현마을4단지(주공)임대,10,15,12,46.86,553,41135,5
2009,2020,백현동,"90,000",백현마을9단지(e편한세상),10,55,13,117.2,525,41135,6
2009,2020,백현동,"105,000",백현마을2단지(주공)일부임대,10,0,13,101.91,545,41135,15
2009,2020,백현동,"70,000",백현마을8단지(대림)임대,10,90,16,101.17,558,41135,14
2009,2020,백현동,"71,400",백현마을2단지(주공)일부임대,10,0,17,84.82,545,41135,12
2015,2020,백현동,"10,000",판교알파리움2단지,10,400,22,129.477,530,41135,3
2011,2020,백현동,"4,304",백현마을4단지(주공)임대,10,12,22,39.82,553,41135,16
2009,2020,백현동,"53,900",백현마을5단지(주공),10,60,22,84.7,554,41135,13
2011,2020,백현동,"57,000",판교푸르지오그랑블,10,140,23,98.986,542,41135,21
2009,2020,백현동,"10,000",백현마을6단지(주공),10,280,24,84.69,555,41135,9
2011,2020,백현동,"96,600",판교푸르지오그랑블,10,0,27,98.986,542,41135,16
2009,2020,백현동,"68,250",백현마을5단지(주공),10,0,30,74.76,554,41135,10
2009,2020,백현동,"74,500",백현마을7단지(주공),10,0,30,84.73,556,41135,6
1995,2020,금곡동,"57,700",청솔마을(동아),10,0,6,101.99,132,41135,12
1996,2020,금곡동,"3,000",청솔마을(주공9단지),10,80,6,42.84,133,41135,18
1995,2020,금곡동,"2,000",청솔마을(주공9단지),10,60,6,36.54,133,41135,5
1996,2020,금곡동,"26,200",청솔마을(주공9단지),10,0,6,42.84,133,41135,6
1995,2020,금곡동,"46,000",청솔마을(유천),10,0,7,84.6,180,41135,3
1995,2020,금곡동,"42,000",청솔마을(한라),10,0,9,69.12,181,41135,2
1995,2020,금곡동,"42,000",청솔마을(서광),10,0,9,70.01,177,41135,14
1995,2020,금곡동,"43,050",청솔마을(서광),10,0,9,70.01,177,41135,12
1996,2020,금곡동,"29,000",청솔마을(계룡),10,40,9,84.97,176,41135,2
1994,2020,금곡동,"45,000",청솔마을(대원),10,0,9,50.4,141,41135,3
1995,2020,금곡동,"21,000",청솔마을(주공9단지),10,0,9,36.54,133,41135,4
1995,2020,금곡동,"21,000",청솔마을(주공9단지),10,0,9,36.54,133,41135,15
1996,2020,금곡동,"52,500",청솔마을(계룡),10,0,12,84.97,176,41135,14
1996,2020,금곡동,"26,250",청솔마을(주공9단지),10,0,12,42.84,133,41135,9
1995,2020,금곡동,"2,000",청솔마을(서광),10,120,12,53.6,177,41135,3
2004,2020,금곡동,"31,500",분당하우스토리,10,126,12,177.71,202,41135,10
1994,2020,금곡동,"45,000",청솔마을(공무원),10,30,12,67.43,125,41135,10
1994,2020,금곡동,"45,000",청솔마을(성원),10,50,14,101.88,143,41135,5
1996,2020,금곡동,"23,100",청솔마을(주공9단지),10,0,15,42.84,133,41135,2
1995,2020,금곡동,"53,000",청솔마을(유천),10,0,15,84.6,180,41135,24
1995,2020,금곡동,"44,000",청솔마을(한라),10,0,16,69.12,181,41135,7
1995,2020,금곡동,"36,750",청솔마을(한라),10,0,16,58.8,181,41135,16
1994,2020,금곡동,"31,500",청솔마을(공무원),10,0,16,58.19,125,41135,6
1996,2020,금곡동,"26,200",청솔마을(주공9단지),10,0,16,42.84,133,41135,7
1995,2020,금곡동,"45,000",청솔마을(서광),10,0,16,53.6,177,41135,9
1995,2020,금곡동,"49,350",청솔마을(유천),10,0,17,84.6,180,41135,6
1996,2020,금곡동,"25,700",청솔마을(주공9단지),10,0,17,42.84,133,41135,3
1996,2020,금곡동,"10,000",청솔마을(계룡),10,100,17,55.44,176,41135,5
1995,2020,금곡동,"23,000",청솔마을(주공9단지),10,0,17,36.54,133,41135,9
1995,2020,금곡동,"34,500",청솔마을(공무원),10,0,17,58.71,125,41135,7
1995,2020,금곡동,"20,475",청솔마을(주공9단지),10,0,19,36.54,133,41135,15
1995,2020,금곡동,"37,700",청솔마을(한라),10,0,19,58.8,181,41135,9
1996,2020,금곡동,"34,600",청솔마을(계룡),10,0,20,55.44,176,41135,7
1995,2020,금곡동,"38,000",청솔마을(한라),10,4,21,58.8,181,41135,2
1996,2020,금곡동,"23,000",청솔마을(주공9단지),10,0,21,42.84,133,41135,9
1996,2020,금곡동,"35,000",청솔마을(주공9단지),10,0,21,42.84,133,41135,3
1994,2020,금곡동,"33,000",청솔마을(공무원),10,0,21,58.19,125,41135,13
1994,2020,금곡동,"45,000",청솔마을(공무원),10,0,22,58.19,125,41135,1
1995,2020,금곡동,"2,000",청솔마을(주공9단지),10,66,22,36.54,133,41135,7
1995,2020,금곡동,"27,300",청솔마을(유천),10,0,24,40.5,180,41135,13
1995,2020,금곡동,"20,475",청솔마을(주공9단지),10,0,26,36.54,133,41135,11
1995,2020,금곡동,"21,000",청솔마을(주공9단지),10,0,26,36.54,133,41135,13
1995,2020,금곡동,"35,700",청솔마을(영남),10,0,27,53.6,177,41135,3
1994,2020,금곡동,"63,000",청솔마을(대원),10,0,28,84.97,141,41135,8
1995,2020,금곡동,"35,000",청솔마을(한라),10,20,28,58.8,181,41135,10
1996,2020,금곡동,"32,500",청솔마을(계룡),10,0,29,55.44,176,41135,13
1996,2020,금곡동,"20,000",청솔마을(계룡),10,35,29,55.44,176,41135,3
1996,2020,금곡동,"26,250",청솔마을(주공9단지),10,0,29,42.84,133,41135,15
1995,2020,금곡동,"21,000",청솔마을(주공9단지),10,0,29,36.54,133,41135,6
1995,2020,금곡동,"60,000",청솔마을(한라),10,0,30,84.39,181,41135,9
1995,2020,금곡동,"23,100",청솔마을(유천),10,0,30,40.5,180,41135,2
1995,2020,금곡동,"21,000",청솔마을(주공9단지),10,0,31,36.54,133,41135,15
1996,2020,금곡동,"6,000",청솔마을(주공9단지),10,68,31,42.84,133,41135,15
1994,2020,금곡동,"31,500",청솔마을(공무원),10,0,31,58.19,125,41135,15
1995,2020,금곡동,"65,000",청솔마을(대원),10,0,31,129.45,141,41135,7
1995,2020,금곡동,"25,200",청솔마을(유천),10,0,31,40.5,180,41135,8
1995,2020,금곡동,"10,000",청솔마을(주공9단지),10,33,31,36.54,133,41135,14
1995,2020,금곡동,"40,000",청솔마을(영남),10,17,31,84.96,177,41135,6
1995,2020,금곡동,"48,300",청솔마을(유천),10,0,31,84.6,180,41135,15
1995,2020,구미동,"2,000",하얀마을(5단지)(주공),10,60,1,35.28,110,41135,4
1996,2020,구미동,"8,000",까치마을(2단지)(주공),10,80,6,59.98,88,41135,5
1995,2020,구미동,"30,400",무지개(4단지)(주공),10,0,7,59.98,220,41135,21
1995,2020,구미동,"31,500",까치마을(1단지)(대우롯데선경),10,0,8,51.32,77,41135,2
1996,2020,구미동,"48,500",무지개(3단지)(건영),10,0,9,84.97,201,41135,13
1995,2020,구미동,"42,000",무지개(1단지)(대림),10,0,9,84.97,211,41135,13
1995,2020,구미동,"55,000",까치마을(1단지)(대우롯데선경),10,0,9,134.83,77,41135,11
1995,2020,구미동,"60,000",무지개(5단지)(청구),10,0,9,85,221,41135,4
1995,2020,구미동,"32,000",까치마을(4단지)(선경),10,0,10,51.32,63,41135,11
1995,2020,구미동,"60,000",까치마을(1단지)(대우롯데선경),10,40,10,134.83,77,41135,16
1996,2020,구미동,"2,000",하얀마을(5단지)(주공),10,60,11,38.07,110,41135,10
1995,2020,구미동,"38,850",까치마을(1단지)(대우롯데선경),10,0,12,70.66,77,41135,25
1996,2020,구미동,"32,500",까치마을(2단지)(주공),10,0,12,59.98,88,41135,21
1996,2020,구미동,"19,950",하얀마을(5단지)(주공),10,0,12,38.07,110,41135,18
1996,2020,구미동,"65,000",무지개(10단지)(삼성),10,0,12,134.97,222,41135,8
1995,2020,구미동,"42,000",무지개(1단지)(대림),10,0,12,84.97,211,41135,1
1996,2020,구미동,"29,400",무지개(3단지)(신한),10,0,13,53.46,201,41135,19
1996,2020,구미동,"44,600",무지개(3단지)(신한),10,0,13,84.768,201,41135,1
1995,2020,구미동,"25,000",하얀마을(5단지)(주공),10,0,13,35.28,110,41135,9
1995,2020,구미동,"60,000",무지개(1단지)(대림),10,0,14,84.97,211,41135,16
1995,2020,구미동,"100,000",까치마을(4단지)(롯데),10,0,14,134.83,63,41135,6
1996,2020,구미동,"34,500",까치마을(2단지)(주공),10,0,14,59.98,88,41135,13
1996,2020,구미동,"28,350",무지개(12단지)(주공뜨란체),10,0,15,59.98,212,41135,8
1995,2020,구미동,"63,000",까치마을(1단지)(대우롯데선경),10,0,16,70.66,77,41135,13
1996,2020,구미동,"20,000",무지개(3단지)(건영),10,55,16,68.16,201,41135,2
1995,2020,구미동,"30,400",무지개(4단지)(주공),10,0,16,58.14,220,41135,12
1995,2020,구미동,"63,000",까치마을(1단지)(대우롯데선경),10,0,16,70.66,77,41135,13
1995,2020,구미동,"40,000",까치마을(4단지)(롯데),10,70,17,70.66,63,41135,9
1996,2020,구미동,"29,000",무지개(3단지)(건영),10,0,17,53.83,201,41135,8
1996,2020,구미동,"47,250",무지개(3단지)(건영),10,0,17,84.97,201,41135,6
1995,2020,구미동,"13,000",무지개(9단지)(동아),10,155,17,134.16,240,41135,3
1995,2020,구미동,"8,000",무지개(5단지)(청구),10,74,17,58.49,221,41135,11
1995,2020,구미동,"15,000",무지개(11단지)(금강센테리움),10,40,17,49.77,213,41135,4
1996,2020,구미동,"26,250",무지개(12단지)(주공뜨란체),10,0,17,59.98,212,41135,14
1995,2020,구미동,"46,000",까치마을(1단지)(대우롯데선경),10,0,19,51.32,77,41135,7
1995,2020,구미동,"24,500",무지개(1단지)(대림),10,0,19,47.52,211,41135,2
1995,2020,구미동,"30,000",까치마을(1단지)(대우롯데선경),10,0,19,51.32,77,41135,2
1995,2020,구미동,"65,000",무지개(5단지)(청구),10,0,19,85,221,41135,11
1995,2020,구미동,"61,000",무지개(11단지)(금강센테리움),10,0,20,84.99,213,41135,5
1995,2020,구미동,"27,000",까치마을(2단지)(주공),10,3,22,49.36,88,41135,3
1995,2020,구미동,"50,000",까치마을(3단지)(신원),10,40,22,130.83,66,41135,5
1995,2020,구미동,"46,200",까치마을(4단지)(롯데),10,0,22,70.66,63,41135,11
1995,2020,구미동,"25,725",무지개(11단지)(금강센테리움),10,0,22,49.77,213,41135,6
1996,2020,구미동,"5,000",무지개(12단지)(주공뜨란체),10,0,22,59.98,212,41135,15
1996,2020,구미동,"65,500",무지개(3단지)(건영),10,0,22,84.97,201,41135,9
1995,2020,구미동,"25,200",무지개(11단지)(금강센테리움),10,0,24,49.77,213,41135,3
1995,2020,구미동,"17,850",하얀마을(5단지)(주공),10,0,24,35.28,110,41135,1
1995,2020,구미동,"45,500",까치마을(4단지)(롯데),10,0,24,70.66,63,41135,7
1995,2020,구미동,"55,600",까치마을(1단지)(대우롯데선경),10,0,24,84.79,77,41135,15
1995,2020,구미동,"26,000",무지개(4단지)(주공),10,0,26,49.67,220,41135,17
1995,2020,구미동,"50,000",까치마을(2단지)(주공),10,0,27,58.14,88,41135,2
1996,2020,구미동,"25,200",무지개(12단지)(주공뜨란체),10,0,27,49.67,212,41135,24
1995,2020,구미동,"3,000",무지개(1단지)(대림),10,120,28,84.97,211,41135,17
1995,2020,구미동,"32,555",까치마을(2단지)(주공),10,0,28,58.14,88,41135,4
2003,2020,구미동,"23,000",서울시니어스분당타워,10,0,29,41.53,297-2,41135,6
1995,2020,구미동,"24,500",무지개(12단지)(주공뜨란체),10,0,31,49.36,212,41135,10
1996,2020,구미동,"43,000",까치마을(2단지)(주공),10,0,31,49.67,88,41135,11
1995,2020,구미동,"31,500",까치마을(2단지)(주공),10,0,31,58.14,88,41135,3
1995,2020,구미동,"56,000",까치마을(3단지)(신원),10,0,31,101.86,66,41135,1
2009,2020,운중동,"52,000",산운마을12단지(주공)임대전환,10,0,5,59.84,921,41135,3
2009,2020,운중동,"38,000",산운마을11단지(주공)임대전환,10,0,5,51.13,922,41135,9
2009,2020,운중동,"66,000",산운마을14단지(경남아너스빌),10,0,6,101.25,916,41135,16
2009,2020,운중동,"59,500",산운마을5단지(한성필하우스),10,0,7,84.8563,989,41135,4
2009,2020,운중동,"48,800",산운마을10단지(대광로제비앙),10,0,7,59.941,949,41135,2
2009,2020,운중동,"45,000",산운마을11단지(주공)임대전환,10,0,8,59.84,922,41135,3
2009,2020,운중동,"40,000",산운마을6단지(주공휴먼시아),10,180,9,101.12,988,41135,10
2009,2020,운중동,"48,500",산운마을10단지(대광로제비앙),10,0,9,59.98,949,41135,8
2009,2020,운중동,"80,000",산운마을10단지(대광로제비앙),10,0,9,83.504,949,41135,7
2009,2020,운중동,"40,000",산운마을6단지(주공휴먼시아),10,180,9,101.12,988,41135,10
2009,2020,운중동,"10,000",산운마을5단지(한성필하우스),10,155,10,84.6283,989,41135,3
2008,2020,운중동,"52,000",산운마을9단지(대방노블랜드)임대전환,10,0,13,59.93,958,41135,1
2009,2020,운중동,"55,000",산운마을12단지(주공)임대전환,10,0,14,59.9,921,41135,11
2009,2020,운중동,"20,000",산운마을12단지(주공)임대전환,10,90,16,55.36,921,41135,9
2009,2020,운중동,"10,000",산운마을14단지(경남아너스빌),10,211,16,115.53,916,41135,6
2010,2020,운중동,"57,700",산운마을13단지(태영)일부임대,10,0,17,84.82,918,41135,30
2010,2020,운중동,"40,000",산운마을13단지(태영)일부임대,10,100,17,84.82,918,41135,29
2009,2020,운중동,"57,000",산운마을12단지(주공)임대전환,10,0,19,59.84,921,41135,16
2010,2020,운중동,"30,000",산운마을13단지(태영)일부임대,10,74,20,84.72,918,41135,2
2009,2020,운중동,"49,000",산운마을12단지(주공)임대전환,10,0,21,59.84,921,41135,15
2009,2020,운중동,"57,000",산운마을11단지(주공)임대전환,10,0,22,59.9,922,41135,13
2008,2020,운중동,"80,000",산운마을8단지(부영사랑으로)임대전환,10,0,24,81.019,956,41135,11
2009,2020,운중동,"52,000",산운마을12단지(주공)임대전환,10,0,27,55.42,921,41135,3
2010,2020,운중동,"63,000",산운마을13단지(태영)일부임대,10,0,28,84.82,918,41135,28
2009,2020,운중동,"10,000",산운마을11단지(주공)임대전환,10,130,30,51.16,922,41135,14
2009,2020,운중동,"70,000",산운마을5단지(한성필하우스),10,0,30,84.8055,989,41135,10
2009,2020,운중동,"57,500",산운마을5단지(한성필하우스),10,0,30,84.6283,989,41135,11
2009,2020,운중동,"50,000",산운마을11단지(주공)임대전환,10,0,31,51.16,922,41135,12
