date,temperature,humidity,pressure
04/07/2021 08:05:29,278.56,76,1021
04/07/2021 08:15:29,279.24,81,1021
04/07/2021 08:25:29,279.24,81,1021
04/07/2021 08:35:30,280.5,81,1021
04/07/2021 08:45:30,280.5,81,1021
04/07/2021 08:55:30,281.16,81,1021
04/07/2021 09:05:30,281.15,81,1021
04/07/2021 09:15:30,282.55,66,1022
04/07/2021 09:25:31,283.5,66,1022
04/07/2021 09:35:31,283.5,66,1022
04/07/2021 09:45:31,283.87,58,1022
04/07/2021 09:55:31,283.85,58,1022
04/07/2021 10:05:32,283.85,58,1022
04/07/2021 10:15:32,284.88,54,1022
04/07/2021 10:25:32,285.82,54,1022
04/07/2021 10:35:32,285.82,54,1022
04/07/2021 10:45:32,285.82,54,1022
04/07/2021 10:55:33,285.82,54,1022
04/07/2021 11:05:33,285.82,54,1022
04/07/2021 11:15:33,286.55,47,1021
04/07/2021 11:25:33,288.15,47,1021
04/07/2021 11:35:33,288.15,47,1021
04/07/2021 11:45:34,288.15,47,1021
04/07/2021 11:55:34,288.15,47,1021
04/07/2021 12:05:34,288.88,39,1020
04/07/2021 12:15:34,288.87,39,1020
04/07/2021 12:25:34,288.87,39,1020
04/07/2021 12:35:35,290.15,39,1020
04/07/2021 12:45:35,290.15,39,1020
04/07/2021 12:55:35,290.15,39,1020
04/07/2021 13:05:35,290.88,30,1019
04/07/2021 13:15:35,290.88,30,1019
04/07/2021 13:25:36,290.87,30,1019
04/07/2021 13:35:36,292.15,30,1019
04/07/2021 13:45:36,292.15,30,1019
04/07/2021 13:55:36,292.15,30,1019
04/07/2021 14:05:36,292.15,30,1019
04/07/2021 14:15:37,292.51,28,1019
04/07/2021 14:25:37,292.51,28,1019
04/07/2021 14:35:37,293.15,28,1019
04/07/2021 14:45:37,293.15,28,1019
04/07/2021 14:55:37,293.15,28,1019
04/07/2021 15:05:38,293.15,28,1019
04/07/2021 15:15:38,293.82,24,1018
04/07/2021 15:25:38,293.82,24,1018
04/07/2021 15:35:38,294.13,24,1018
04/07/2021 15:45:38,294.13,24,1018
04/07/2021 15:55:39,294.13,24,1018
04/07/2021 16:05:39,294.13,24,1018
04/07/2021 16:15:39,293.09,24,1018
04/07/2021 16:25:39,292.81,24,1018
04/07/2021 16:35:39,292.8,24,1018
04/07/2021 16:45:40,292.8,24,1018
04/07/2021 16:55:40,292.8,24,1018
04/07/2021 17:05:40,292.8,24,1018
04/07/2021 17:15:40,292.43,27,1018
04/07/2021 17:25:40,292.13,27,1018
04/07/2021 17:35:40,292.13,27,1018
04/07/2021 17:45:40,292.13,27,1018
04/07/2021 17:55:40,292.13,27,1018
04/07/2021 18:05:41,292.13,27,1018
04/07/2021 18:15:41,290.74,33,1018
04/07/2021 18:25:41,290.13,33,1018
04/07/2021 18:35:41,290.13,33,1018
04/07/2021 18:45:41,290.13,33,1018
04/07/2021 18:55:41,290.13,33,1018
04/07/2021 19:05:42,290.13,33,1018
04/07/2021 19:15:42,288.39,35,1018
04/07/2021 19:25:42,287.81,35,1018
04/07/2021 19:35:42,287.81,35,1018
04/07/2021 19:45:42,287.8,35,1018
04/07/2021 19:55:43,287.8,35,1018
04/07/2021 20:05:43,287.1,41,1018
04/07/2021 20:15:43,287.11,41,1018
04/07/2021 20:25:43,286.83,41,1018
04/07/2021 20:35:43,286.82,41,1018
04/07/2021 20:45:44,286.82,41,1018
04/07/2021 20:55:44,286.82,41,1018
04/07/2021 21:05:44,286.08,54,1019
04/07/2021 21:15:44,286.08,54,1019
04/07/2021 21:25:44,285.48,54,1019
04/07/2021 21:35:45,285.48,54,1019
04/07/2021 21:45:45,285.48,54,1019
04/07/2021 21:55:45,285.48,54,1019
04/07/2021 22:05:45,285.48,54,1019
04/07/2021 22:15:45,285.13,47,1019
04/07/2021 22:25:46,284.5,47,1019
04/07/2021 22:35:46,284.5,47,1019
04/07/2021 22:45:46,284.5,47,1019
04/07/2021 22:55:46,284.5,47,1019
04/07/2021 23:05:46,284.5,47,1019
04/07/2021 23:15:47,283.82,54,1019
04/07/2021 23:25:47,283.82,54,1019
04/07/2021 23:35:47,283.82,54,1019
04/07/2021 23:45:47,283.82,54,1019
04/07/2021 23:55:48,283.82,54,1019
04/08/2021 00:05:48,283.82,54,1019
04/08/2021 00:15:48,283.15,50,1018
04/08/2021 00:25:48,282.52,50,1018
04/08/2021 00:35:48,282.52,50,1018
04/08/2021 00:45:48,282.52,50,1018
04/08/2021 00:55:49,282.52,50,1018
04/08/2021 01:05:49,282.5,62,1018
04/08/2021 01:15:49,282.5,62,1018
04/08/2021 01:25:49,282.5,62,1018
04/08/2021 01:35:50,281.84,62,1018
04/08/2021 01:45:50,281.84,62,1018
04/08/2021 01:55:50,281.84,62,1018
04/08/2021 02:05:50,281.84,62,1018
04/08/2021 02:15:50,281.19,66,1018
04/08/2021 02:25:50,280.84,66,1018
04/08/2021 02:35:50,280.84,66,1018
04/08/2021 02:45:51,280.84,66,1018
04/08/2021 02:55:51,280.84,66,1018
04/08/2021 03:05:51,280.84,66,1018
04/08/2021 03:15:51,279.18,71,1018
04/08/2021 03:25:51,279.18,71,1018
04/08/2021 03:35:51,279.19,71,1018
04/08/2021 03:45:51,279.19,71,1018
04/08/2021 03:55:52,279.19,71,1018
04/08/2021 04:05:52,279.19,71,1018
04/08/2021 04:15:52,277.86,70,1018
04/08/2021 04:25:52,277.86,70,1018
04/08/2021 04:35:52,277.86,70,1018
04/08/2021 04:45:53,277.86,70,1018
04/08/2021 04:55:53,277.86,70,1018
04/08/2021 05:05:53,277.86,70,1018
04/08/2021 05:15:53,277.51,75,1018
04/08/2021 05:25:53,277.51,75,1018
04/08/2021 05:35:54,277.18,75,1018
04/08/2021 05:45:54,277.6,65,1018
04/08/2021 05:55:54,277.57,65,1018
04/08/2021 06:05:54,277.56,65,1018
04/08/2021 06:15:54,276.51,75,1018
04/08/2021 06:25:55,276.51,75,1018
04/08/2021 06:35:55,276.52,75,1018
04/08/2021 06:45:55,276.18,75,1018
04/08/2021 06:55:55,276.19,75,1018
04/08/2021 07:05:55,276.19,75,1018
04/08/2021 07:15:56,276.85,93,1019
04/08/2021 07:25:56,277.17,81,1019
04/08/2021 07:35:56,277.17,81,1019
04/08/2021 07:45:56,277.17,81,1019
04/08/2021 07:55:56,277.17,81,1019
04/08/2021 08:05:57,277.84,81,1019
04/08/2021 08:15:57,278.89,76,1019
04/08/2021 08:25:57,278.89,76,1019
04/08/2021 08:35:57,280.15,76,1019
04/08/2021 08:45:57,280.15,76,1019
04/08/2021 08:55:58,280.15,76,1019
04/08/2021 09:05:58,280.15,76,1019
04/08/2021 09:15:58,282.21,62,1019
04/08/2021 09:25:58,283.48,62,1019
04/08/2021 09:35:58,283.48,62,1019
04/08/2021 09:45:59,283.48,62,1019
04/08/2021 09:55:59,283.48,62,1019
04/08/2021 10:05:59,283.48,62,1019
04/08/2021 10:15:59,284.84,50,1019
04/08/2021 10:25:59,285.48,50,1019
04/08/2021 10:36:00,285.48,50,1019
04/08/2021 10:46:00,285.48,50,1019
04/08/2021 10:56:00,285.48,50,1019
04/08/2021 11:06:00,286.16,44,1019
04/08/2021 11:16:00,286.15,44,1019
04/08/2021 11:26:01,287.82,41,1019
04/08/2021 11:36:01,287.82,41,1019
04/08/2021 11:46:01,287.82,41,1019
04/08/2021 11:56:01,287.82,41,1019
04/08/2021 12:06:01,287.82,41,1019
04/08/2021 12:16:01,288.49,36,1019
04/08/2021 12:26:01,288.49,36,1019
04/08/2021 12:36:01,289.15,36,1019
04/08/2021 12:46:02,289.15,36,1019
04/08/2021 12:56:02,289.15,36,1019
04/08/2021 13:06:02,289.15,36,1019
04/08/2021 13:16:02,289.84,36,1018
04/08/2021 13:26:02,290.15,36,1018
04/08/2021 13:36:03,290.15,36,1018
04/08/2021 13:46:03,290.15,36,1018
04/08/2021 13:56:03,290.15,36,1018
04/08/2021 14:06:03,290.15,36,1018
04/08/2021 14:16:03,290.85,39,1019
04/08/2021 14:26:04,291.5,39,1019
04/08/2021 14:36:04,291.5,39,1019
04/08/2021 14:46:04,291.5,39,1019
04/08/2021 14:56:04,291.5,39,1019
04/08/2021 15:06:04,291.5,39,1019
04/08/2021 15:16:05,290.13,36,1018
04/08/2021 15:26:05,290.13,36,1018
04/08/2021 15:36:05,290.13,36,1018
04/08/2021 15:46:05,290.13,36,1018
04/08/2021 15:56:05,290.13,36,1018
04/08/2021 16:06:06,290.13,36,1018
04/08/2021 16:16:06,290.11,33,1017
04/08/2021 16:26:06,290.13,33,1017
04/08/2021 16:36:06,290.13,33,1017
04/08/2021 16:46:06,290.13,33,1017
04/08/2021 16:56:07,290.13,33,1017
04/08/2021 17:06:07,290.13,33,1017
04/08/2021 17:16:07,289.75,36,1017
04/08/2021 17:26:07,289.46,36,1017
04/08/2021 17:36:07,289.46,36,1017
04/08/2021 17:46:08,289.46,36,1017
04/08/2021 17:56:08,289.46,36,1017
04/08/2021 18:06:08,288.42,35,1017
04/08/2021 18:16:08,288.42,35,1017
04/08/2021 18:26:08,288.13,35,1017
04/08/2021 18:36:09,288.13,35,1017
04/08/2021 18:46:09,288.13,35,1017
04/08/2021 18:56:09,288.13,35,1017
04/08/2021 19:06:09,288.13,35,1017
04/08/2021 19:16:10,287.09,38,1018
04/08/2021 19:26:10,286.48,38,1018
04/08/2021 19:36:10,286.48,38,1018
04/08/2021 19:46:10,286.48,38,1018
04/08/2021 19:56:10,286.48,38,1018
04/08/2021 20:06:10,286.48,38,1018
04/08/2021 20:16:11,284.77,50,1018
04/08/2021 20:26:11,284.77,50,1018
04/08/2021 20:36:11,284.48,50,1018
04/08/2021 20:46:11,284.48,50,1018
04/08/2021 20:56:11,284.48,50,1018
04/08/2021 21:06:11,284.48,50,1018
04/08/2021 21:16:12,284.45,54,1019
04/08/2021 21:26:12,284.45,54,1019
04/08/2021 21:36:12,284.15,54,1019
04/08/2021 21:46:12,284.15,54,1019
04/08/2021 21:56:12,284.15,54,1019
04/08/2021 18:39:44,288.13,35,1017
04/08/2021 18:49:44,288.13,35,1017
04/08/2021 18:59:44,288.13,35,1017
04/08/2021 19:09:44,287.09,38,1018
04/08/2021 19:19:45,287.09,38,1018
04/08/2021 19:29:45,286.48,38,1018
04/08/2021 19:39:45,286.48,38,1018
04/08/2021 19:49:45,286.48,38,1018
04/08/2021 19:59:45,286.48,38,1018
04/08/2021 20:09:46,284.76,50,1018
04/08/2021 20:19:46,284.77,50,1018
04/08/2021 20:29:46,284.48,50,1018
04/08/2021 20:39:46,284.48,50,1018
04/08/2021 20:49:46,284.48,50,1018
04/08/2021 20:59:46,284.48,50,1018
04/08/2021 21:09:47,284.48,50,1018
04/08/2021 21:19:47,284.45,54,1019
04/08/2021 21:29:47,284.15,54,1019
04/08/2021 21:39:47,284.15,54,1019
04/08/2021 21:49:47,284.15,54,1019
04/08/2021 21:59:48,284.15,54,1019
04/08/2021 22:09:48,284.15,54,1019
04/08/2021 22:19:48,283.78,62,1020
04/08/2021 22:29:48,283.15,62,1020
04/08/2021 22:39:48,283.15,62,1020
04/08/2021 22:49:48,283.15,62,1020
04/08/2021 22:59:49,283.15,62,1020
04/08/2021 23:09:49,283.15,62,1020
04/08/2021 23:19:49,282.49,53,1020
04/08/2021 23:29:49,282.5,53,1020
04/08/2021 23:39:49,282.5,53,1020
04/08/2021 23:49:50,282.5,53,1020
04/08/2021 23:59:50,282.5,53,1020
04/09/2021 00:09:50,281.84,49,1020
04/09/2021 00:19:50,281.84,49,1020
04/09/2021 00:29:51,281.17,49,1020
04/09/2021 00:39:51,281.17,49,1020
04/09/2021 00:49:51,281.17,49,1020
04/09/2021 00:59:51,281.17,49,1020
04/09/2021 01:09:51,280.19,57,1020
04/09/2021 01:19:52,280.5,57,1020
04/09/2021 01:29:52,280.5,57,1020
04/09/2021 01:39:52,280.5,57,1020
04/09/2021 01:49:52,280.5,57,1020
04/09/2021 01:59:53,280.5,57,1020
04/09/2021 02:09:53,280.84,57,1020
04/09/2021 02:19:53,279.84,57,1020
04/09/2021 02:29:53,279.84,57,1020
04/09/2021 02:39:53,279.84,57,1020
04/09/2021 02:49:54,279.84,57,1020
04/09/2021 02:59:54,279.84,57,1020
04/09/2021 03:09:54,279.84,57,1020
04/09/2021 03:19:54,276.84,75,1021
04/09/2021 03:29:54,276.84,75,1021
04/09/2021 03:39:55,276.84,75,1021
04/09/2021 03:49:55,276.84,75,1021
04/09/2021 03:59:55,276.84,75,1021
04/09/2021 04:09:55,277.2,70,1021
04/09/2021 04:19:55,277.2,70,1021
04/09/2021 04:29:56,277.19,70,1021
04/09/2021 04:39:56,277.19,70,1021
04/09/2021 04:49:56,277.19,70,1021
04/09/2021 04:59:56,277.19,70,1021
04/09/2021 05:09:57,276.17,81,1022
04/09/2021 05:19:57,276.17,81,1022
04/09/2021 05:29:57,275.51,81,1022
04/09/2021 05:39:57,275.52,81,1022
04/09/2021 05:49:57,275.52,81,1022
04/09/2021 05:59:57,275.52,81,1022
04/09/2021 06:09:58,275.52,81,1022
04/09/2021 06:19:58,275.54,81,1022
04/09/2021 06:29:58,275.84,81,1022
04/09/2021 06:39:58,275.84,81,1022
04/09/2021 06:49:58,275.84,81,1022
04/09/2021 06:59:58,275.84,81,1022
04/09/2021 07:09:59,276.52,81,1023
04/09/2021 07:19:59,276.52,81,1023
04/09/2021 07:29:59,276.5,81,1023
04/09/2021 07:39:59,276.5,81,1023
04/09/2021 07:49:59,276.5,81,1023
04/09/2021 08:00:00,276.5,81,1023
04/09/2021 08:10:00,278.93,66,1023
04/09/2021 08:20:00,280.17,66,1023
04/09/2021 08:30:00,280.17,66,1023
04/09/2021 08:40:00,280.17,66,1023
04/09/2021 08:50:01,280.17,66,1023
04/09/2021 09:00:01,280.17,66,1023
04/09/2021 09:10:01,283.28,47,1024
04/09/2021 09:20:01,283.28,47,1024
04/09/2021 09:30:01,284.49,47,1024
04/09/2021 09:40:02,284.5,47,1024
04/09/2021 09:50:02,284.5,47,1024
04/09/2021 10:00:02,284.5,47,1024
04/09/2021 10:10:02,284.5,47,1024
04/09/2021 10:20:02,286.82,44,1024
04/09/2021 10:30:03,286.82,44,1024
04/09/2021 10:40:03,286.82,44,1024
04/09/2021 10:50:03,286.82,44,1024
04/09/2021 11:00:03,286.82,44,1024
04/09/2021 11:10:04,287.88,39,1025
04/09/2021 11:20:04,288.82,39,1025
04/09/2021 11:30:04,288.82,39,1025
04/09/2021 11:40:04,288.82,39,1025
04/09/2021 11:50:05,288.82,39,1025
04/09/2021 12:00:05,288.82,39,1025
04/09/2021 12:10:05,289.84,36,1024
04/09/2021 12:20:05,290.15,36,1024
04/09/2021 12:30:05,290.15,36,1024
04/09/2021 12:40:06,290.15,36,1024
04/09/2021 12:50:06,290.15,36,1024
04/09/2021 13:00:06,290.15,36,1024
04/09/2021 13:10:06,290.5,27,1024
04/09/2021 13:20:06,290.5,27,1024
04/09/2021 13:30:08,290.5,27,1024
04/09/2021 13:40:08,290.5,27,1024
04/09/2021 13:50:08,290.5,27,1024
04/09/2021 14:00:08,290.5,27,1024
04/09/2021 14:10:09,290.5,27,1024
04/09/2021 14:20:09,291.15,25,1024
04/09/2021 14:30:09,291.15,25,1024
04/09/2021 14:40:09,291.15,25,1024
04/09/2021 14:50:09,291.15,25,1024
04/09/2021 15:00:10,291.15,25,1024
04/09/2021 15:10:10,291.48,25,1023
04/09/2021 15:20:10,291.15,25,1023
04/09/2021 15:30:10,291.15,25,1023
04/09/2021 15:40:10,291.15,25,1023
04/09/2021 15:50:10,291.15,25,1023
04/09/2021 16:00:11,291.15,25,1023
04/09/2021 16:10:11,291.19,26,1023
04/09/2021 16:20:11,291.5,26,1023
04/09/2021 16:30:11,291.5,26,1023
04/09/2021 16:40:11,291.5,26,1023
04/09/2021 16:50:12,291.5,26,1023
04/09/2021 17:00:12,291.5,26,1023
04/09/2021 17:10:12,291.49,25,1023
04/09/2021 17:20:12,291.49,25,1023
04/09/2021 17:30:12,290.82,25,1023
04/09/2021 17:40:13,290.82,25,1023
04/09/2021 17:50:13,290.82,25,1023
04/09/2021 18:00:13,290.82,25,1023
04/09/2021 18:10:13,290.82,25,1023
04/09/2021 18:20:13,289.49,34,1023
04/09/2021 18:30:14,289.5,34,1023
04/09/2021 18:40:14,289.5,34,1023
04/09/2021 18:50:14,289.5,34,1023
04/09/2021 19:00:14,289.5,34,1023
04/09/2021 19:10:14,288.15,41,1024
04/09/2021 19:20:15,288.15,41,1024
04/09/2021 19:30:15,288.15,41,1024
04/09/2021 19:40:15,287.5,41,1024
04/09/2021 19:50:15,287.5,41,1024
04/09/2021 20:00:15,287.5,41,1024
04/09/2021 20:10:16,286.48,50,1025
04/09/2021 20:20:16,286.15,50,1025
04/09/2021 20:30:16,286.15,50,1025
04/09/2021 20:40:16,286.15,50,1025
04/09/2021 20:50:16,286.15,50,1025
04/09/2021 21:00:17,286.15,50,1025
04/09/2021 21:10:17,286.17,50,1027
04/09/2021 21:20:17,286.17,50,1027
04/09/2021 21:30:18,285.82,50,1027
04/09/2021 21:40:18,285.82,50,1027
04/09/2021 21:50:18,285.82,50,1027
04/09/2021 22:00:18,285.82,50,1027
04/09/2021 22:10:18,285.11,58,1027
04/09/2021 22:20:19,285.11,58,1027
04/09/2021 22:30:19,284.74,58,1027
04/09/2021 22:40:19,283.67,58,1027
04/09/2021 22:50:19,283.67,58,1027
04/09/2021 23:00:20,283.67,58,1027
04/09/2021 23:10:20,283.84,54,1028
04/09/2021 23:20:20,283.17,54,1028
04/09/2021 23:30:20,283.17,54,1028
04/09/2021 23:40:20,283.17,54,1028
04/09/2021 23:50:21,283.17,54,1028
04/10/2021 00:00:21,282.85,54,1028
04/10/2021 00:10:22,282.17,61,1028
04/10/2021 00:20:22,282.15,61,1028
04/10/2021 00:30:22,282.15,61,1028
04/10/2021 00:40:22,281.83,61,1028
04/10/2021 00:50:22,281.83,61,1028
04/10/2021 01:00:23,281.83,61,1028
04/10/2021 01:10:23,281.49,61,1029
04/10/2021 01:20:23,281.16,61,1029
04/10/2021 01:30:23,280.83,66,1028
04/10/2021 01:40:23,280.83,66,1029
04/10/2021 01:50:36,280.83,61,1029
04/10/2021 02:00:36,280.83,61,1029
04/10/2021 02:10:36,280.84,61,1029
04/10/2021 02:20:36,280.49,61,1029
04/10/2021 02:30:36,280.5,61,1029
04/10/2021 02:40:37,280.5,61,1029
04/10/2021 02:50:37,280.5,61,1029
04/10/2021 03:00:37,280.5,61,1029
04/10/2021 03:10:37,280.5,61,1029
04/10/2021 03:20:37,279.49,65,1029
04/10/2021 03:30:38,279.5,65,1029
04/10/2021 03:40:38,279.5,65,1029
04/10/2021 03:50:38,279.5,65,1029
04/10/2021 04:00:38,279.5,65,1029
04/10/2021 04:10:38,279.5,65,1029
04/10/2021 04:20:39,278.84,65,1029
04/10/2021 04:30:39,278.84,65,1029
04/10/2021 04:40:39,278.84,65,1029
04/10/2021 04:50:39,278.84,65,1029
04/10/2021 05:00:39,278.84,65,1029
04/10/2021 05:10:40,278.85,65,1030
04/10/2021 05:20:40,278.84,65,1030
04/10/2021 05:30:40,278.84,65,1030
04/10/2021 05:40:40,278.84,65,1030
04/10/2021 05:50:40,278.84,65,1030
04/10/2021 06:00:41,278.84,65,1030
04/10/2021 06:10:41,278.5,65,1030
04/10/2021 06:20:41,278.17,65,1030
04/10/2021 06:30:41,278.17,65,1030
04/10/2021 06:40:42,278.17,65,1030
04/10/2021 06:50:42,278.17,65,1030
04/10/2021 07:00:42,278.17,65,1030
04/10/2021 07:10:42,278.54,65,1031
04/10/2021 07:20:42,278.54,65,1031
04/10/2021 07:30:43,278.51,65,1031
04/10/2021 07:40:43,278.51,65,1031
04/10/2021 07:50:43,278.52,65,1031
04/10/2021 08:00:43,278.52,65,1031
04/10/2021 08:10:44,280.24,61,1031
04/10/2021 08:20:44,280.24,61,1031
04/10/2021 08:30:44,281.17,61,1031
04/10/2021 08:40:44,281.17,61,1031
04/10/2021 08:50:44,281.17,61,1031
04/10/2021 09:00:45,281.17,61,1031
04/10/2021 09:10:45,281.17,61,1031
04/10/2021 09:20:45,283.82,54,1032
04/10/2021 09:30:45,283.82,54,1032
04/10/2021 09:40:45,283.82,54,1032
04/10/2021 09:50:45,283.82,54,1032
04/10/2021 10:00:46,283.82,54,1032
04/10/2021 10:10:46,285.56,47,1032
04/10/2021 10:20:46,286.17,47,1032
04/10/2021 10:30:46,286.17,47,1032
04/10/2021 10:40:46,286.17,47,1032
04/10/2021 10:50:47,286.17,47,1032
04/10/2021 11:00:47,286.17,47,1032
04/10/2021 11:10:47,287.21,41,1031
04/10/2021 11:20:47,287.21,41,1031
04/10/2021 11:30:47,287.82,41,1031
04/10/2021 11:40:48,287.82,41,1031
04/10/2021 11:50:48,287.82,41,1031
04/10/2021 12:00:48,287.82,41,1031
04/10/2021 12:10:48,287.82,41,1031
04/10/2021 12:20:48,288.5,39,1031
04/10/2021 12:30:49,288.5,39,1031
04/10/2021 12:40:49,288.5,39,1031
04/10/2021 12:50:49,288.5,39,1031
04/10/2021 13:00:49,288.5,39,1031
04/10/2021 13:10:50,288.87,39,1030
04/10/2021 13:20:50,289.5,39,1030
04/10/2021 13:30:50,289.5,39,1030
04/10/2021 13:40:50,289.5,39,1030
04/10/2021 13:50:50,289.5,39,1030
04/10/2021 14:00:51,289.5,39,1030
04/10/2021 14:10:51,290.19,36,1030
04/10/2021 14:20:51,290.5,36,1030
04/10/2021 14:30:51,290.5,36,1030
04/10/2021 14:40:51,290.5,36,1030
04/10/2021 14:50:52,290.5,36,1030
04/10/2021 15:00:52,290.5,36,1030
04/10/2021 15:10:52,290.5,39,1030
04/10/2021 15:20:52,290.5,39,1030
04/10/2021 15:30:53,290.82,39,1030
04/10/2021 15:40:53,290.82,39,1030
04/10/2021 15:50:53,290.82,39,1030
04/10/2021 16:00:53,290.82,39,1030
04/10/2021 16:10:54,290.46,34,1029
04/10/2021 16:20:54,290.48,34,1029
04/10/2021 16:30:54,290.48,34,1029
04/10/2021 16:40:54,290.48,34,1029
04/10/2021 16:50:54,290.48,34,1029
04/10/2021 17:00:55,290.48,34,1029
04/10/2021 17:10:55,290.11,39,1029
04/10/2021 17:20:55,290.13,39,1029
04/10/2021 17:30:55,290.13,39,1029
04/10/2021 17:40:55,290.13,39,1029
04/10/2021 17:50:56,290.13,39,1029
04/10/2021 18:00:56,290.13,39,1029
04/10/2021 18:10:56,289.42,47,1029
04/10/2021 18:20:56,289.13,47,1029
04/10/2021 18:30:56,289.13,47,1029
04/10/2021 18:40:56,289.13,47,1029
04/10/2021 18:50:57,289.13,47,1029
04/10/2021 19:00:57,289.13,47,1029
04/10/2021 19:10:57,288.39,58,1029
04/10/2021 19:20:57,288.39,58,1029
04/10/2021 19:30:57,286.8,58,1029
04/10/2021 19:40:58,286.8,58,1029
04/10/2021 19:50:58,286.8,58,1029
04/10/2021 20:00:58,286.8,58,1029
04/10/2021 20:10:58,286.07,71,1030
04/10/2021 20:20:58,286.07,71,1030
04/10/2021 20:30:59,284.48,71,1030
04/10/2021 20:40:59,284.48,71,1030
04/10/2021 20:50:59,284.48,71,1030
04/10/2021 21:00:59,284.48,71,1030
04/10/2021 21:10:59,284.48,71,1030
04/10/2021 21:21:00,283.5,71,1030
04/10/2021 21:31:00,283.5,71,1030
04/10/2021 21:41:00,283.5,71,1030
04/10/2021 21:51:01,283.5,71,1030
04/10/2021 22:01:01,283.5,71,1030
04/10/2021 22:11:01,283.5,71,1030
04/10/2021 22:21:01,283.48,76,1031
04/10/2021 22:31:01,283.48,76,1031
04/10/2021 22:41:02,283.48,76,1031
04/10/2021 22:51:02,283.48,76,1031
04/10/2021 23:01:02,283.48,76,1031
04/10/2021 23:11:02,283.48,76,1031
04/10/2021 23:21:02,281.81,81,1031
04/10/2021 23:31:03,281.8,81,1031
04/10/2021 23:41:03,281.8,81,1031
04/10/2021 23:51:03,281.8,81,1031
04/11/2021 00:01:03,281.8,81,1031
04/11/2021 00:11:04,281.79,87,1031
04/11/2021 00:21:04,280.5,87,1031
04/11/2021 00:31:04,280.5,87,1031
04/11/2021 00:41:04,280.5,87,1031
04/11/2021 00:51:04,280.5,87,1031
04/11/2021 01:01:05,280.5,87,1031
04/11/2021 01:11:05,279.83,81,1031
04/11/2021 01:21:05,279.84,81,1031
04/11/2021 01:31:05,279.84,81,1031
04/11/2021 01:41:05,279.84,81,1031
04/11/2021 01:51:06,279.84,81,1031
04/11/2021 02:01:06,279.84,81,1031
04/11/2021 02:11:06,279.51,87,1031
04/11/2021 02:21:06,278.84,87,1031
04/11/2021 02:31:07,278.84,87,1031
04/11/2021 02:41:07,278.84,87,1031
04/11/2021 02:51:07,278.84,87,1031
04/11/2021 03:01:07,278.84,87,1031
04/11/2021 03:11:07,278.84,87,1031
04/11/2021 03:21:08,278.51,87,1031
04/11/2021 03:31:08,278.52,87,1031
04/11/2021 03:41:08,278.52,87,1031
04/11/2021 03:51:08,278.52,87,1031
04/11/2021 04:01:08,278.52,87,1031
04/11/2021 04:11:08,278.52,87,1031
04/11/2021 04:21:09,277.85,87,1031
04/11/2021 04:31:09,277.84,87,1031
04/11/2021 04:41:09,277.84,87,1031
04/11/2021 04:51:09,277.84,87,1031
04/11/2021 05:01:09,277.84,87,1031
04/11/2021 05:11:09,277.87,87,1031
04/11/2021 05:21:10,277.51,87,1031
04/11/2021 05:31:10,277.52,87,1031
04/11/2021 05:41:10,277.52,87,1031
04/11/2021 05:51:10,277.52,87,1031
04/11/2021 06:01:10,277.52,87,1031
04/11/2021 06:11:11,277.19,87,1031
04/11/2021 06:21:11,276.84,87,1031
04/11/2021 06:31:11,276.84,87,1031
04/11/2021 06:41:11,276.84,87,1031
04/11/2021 06:51:12,276.84,87,1031
04/11/2021 07:01:12,276.84,87,1031
04/11/2021 07:11:12,276.87,87,1031
04/11/2021 07:21:12,276.87,87,1031
04/11/2021 07:31:12,277.19,87,1031
04/11/2021 07:41:13,277.5,87,1031
04/11/2021 07:51:13,277.5,87,1031
04/11/2021 08:01:13,277.5,87,1031
04/11/2021 08:11:13,278.58,81,1031
04/11/2021 08:21:13,278.58,81,1031
04/11/2021 08:31:14,279.58,81,1031
04/11/2021 08:41:14,279.62,81,1031
04/11/2021 08:51:14,280.67,81,1031
04/11/2021 09:01:14,280.82,81,1031
04/11/2021 09:11:15,281.91,71,1032
04/11/2021 09:21:15,281.91,71,1032
04/11/2021 09:31:15,283.82,71,1032
04/11/2021 09:41:15,283.82,71,1032
04/11/2021 09:51:15,283.82,71,1032
04/11/2021 10:01:16,283.82,71,1032
04/11/2021 10:11:16,283.82,71,1032
04/11/2021 10:21:16,284.85,54,1032
04/11/2021 10:31:16,287.15,54,1032
04/11/2021 10:41:16,287.15,54,1032
04/11/2021 10:51:17,287.15,54,1032
04/11/2021 11:01:17,287.15,54,1032
04/11/2021 11:11:17,288.23,48,1031
04/11/2021 11:21:17,289.5,48,1031
04/11/2021 11:31:17,289.5,48,1031
04/11/2021 11:41:18,289.5,48,1031
04/11/2021 11:51:18,289.5,48,1031
04/11/2021 12:01:18,289.5,48,1031
04/11/2021 12:11:21,290.87,37,1030
04/11/2021 12:21:22,291.82,37,1030
04/11/2021 12:31:23,291.82,37,1030
04/11/2021 12:41:23,291.82,37,1030
04/11/2021 12:51:23,291.82,37,1030
04/11/2021 13:01:23,291.82,37,1030
04/11/2021 13:11:23,291.82,37,1030
04/11/2021 13:21:23,292.82,30,1029
04/11/2021 13:31:24,292.82,30,1029
04/11/2021 13:41:24,292.82,30,1029
04/11/2021 13:51:24,292.82,30,1029
04/11/2021 14:01:24,292.82,30,1029
04/11/2021 14:11:24,292.82,30,1029
04/11/2021 14:21:25,294.5,26,1028
04/11/2021 14:31:25,294.5,26,1028
04/11/2021 14:41:25,294.5,26,1028
04/11/2021 14:51:25,294.5,26,1028
04/11/2021 15:01:25,294.5,26,1028
04/11/2021 15:11:26,294.5,26,1028
04/11/2021 15:21:26,294.82,24,1027
04/11/2021 15:31:26,294.82,24,1027
04/11/2021 15:41:26,294.82,24,1027
04/11/2021 15:51:27,294.82,24,1027
04/11/2021 16:01:27,294.82,24,1027
04/11/2021 16:11:27,294.84,26,1026
04/11/2021 16:21:27,295.15,26,1026
04/11/2021 16:31:27,295.15,26,1026
04/11/2021 16:41:28,295.15,26,1026
04/11/2021 16:51:35,295.15,26,1026
04/11/2021 17:01:35,295.15,26,1026
04/11/2021 17:11:35,295.15,26,1026
04/11/2021 17:21:36,295.15,26,1026
04/11/2021 17:31:36,295.15,26,1026
04/11/2021 17:41:36,295.15,26,1026
04/11/2021 17:51:36,295.15,26,1026
04/11/2021 18:01:36,295.15,26,1026
04/11/2021 18:11:37,293.08,42,1026
04/11/2021 18:21:37,293.08,42,1026
04/11/2021 18:31:37,292.78,42,1026
04/11/2021 18:41:37,292.78,42,1026
04/11/2021 18:51:37,292.78,42,1026
04/11/2021 19:01:38,292.78,42,1026
04/11/2021 19:11:38,290.71,48,1026
04/11/2021 19:21:38,290.13,48,1026
04/11/2021 19:31:38,290.13,48,1026
04/11/2021 19:41:39,290.13,48,1026
04/11/2021 19:51:39,290.13,48,1026
04/11/2021 20:01:39,290.13,48,1026
04/11/2021 20:11:39,289.06,62,1026
04/11/2021 20:21:39,289.06,62,1026
04/11/2021 20:31:40,288.79,62,1026
04/11/2021 20:41:40,288.78,62,1026
04/11/2021 20:51:40,288.78,62,1026
04/11/2021 21:01:40,288.78,62,1026
04/11/2021 21:11:40,288.78,62,1026
04/11/2021 21:21:41,288.13,58,1026
04/11/2021 21:31:41,288.13,58,1026
04/11/2021 21:41:41,288.13,58,1026
04/11/2021 21:51:41,288.13,58,1026
04/11/2021 22:01:41,288.13,58,1026
04/11/2021 22:11:42,288.13,58,1026
04/11/2021 22:21:42,286.82,51,1027
04/11/2021 22:31:42,286.82,51,1027
04/11/2021 22:41:42,286.82,51,1027
04/11/2021 22:51:42,286.82,51,1027
